Protein Group Accessions;Medium/Light
Q8NG31;100.000
Q8NG31;100.000
Q8NG31;100.000
Q9NPI6;100.000
Q9UGN5;86.137
Q14980;77.982
Q14980;66.418
Q14980;66.418
Q8NG31;65.765
Q8NG31;65.765
Q5VT52;64.061
Q5VT52;64.061
Q8NG31;63.179
Q8NG31;63.179
Q13370;60.736
Q13370;60.736
Q14980;54.863
Q9H4L7;54.726
Q9H4L7;54.726
Q9NSK0;53.137
O43768;52.836
O43768;52.836
O43768;52.836
O43768;52.836
O43768;52.836
O43768;52.836
Q8NG31;52.456
Q14676;50.744
Q9H0B6;47.506
Q9H0B6;47.506
Q5UIP0;47.211
Q9H0B6;44.108
Q9H0B6;44.108
P15056;43.853
Q9NSK0;41.533
Q9NSK0;41.533
Q8IX01;41.484
O43768;40.973
O43768;40.973
O43768;40.973
Q9NSK0;40.692
Q9NSK0;40.692
P55201;39.517
Q6WKZ4;38.221
Q14980;37.344
Q15154;37.210
O14618;37.205
Q15052;36.545
Q14980;35.471
Q14980;34.318
Q14980;34.318
Q9NSK0;34.188
Q5T200;33.209
Q5T200;32.908
Q9H0B6;32.770
Q14980;32.506
Q9NSK0;31.308
Q15154;30.608
Q8IX01;29.503
Q8NG31;29.339
Q8NG31;29.339
Q15052;29.049
O43768;28.622
O43768;28.622
Q8NG31;28.607
Q8NG31;28.607
Q8NG31;28.607
Q8NG31;28.607
Q8NG31;28.607
Q8NG31;28.607
Q8NG31;27.884
Q8NG31;27.884
Q8NG31;27.884
Q8NG31;27.884
Q09161;27.254
Q9NSK0;27.199
Q9NSK0;27.199
Q15052;27.001
Q15052;27.001
Q15052;26.991
Q9HC35;26.970
P55201;26.280
O75152;26.133
P62753;24.906
Q13370;24.700
Q15052;23.782
Q9H4L7;22.959
Q9H4L7;22.959
Q15052;22.419
Q15052;22.419
Q15154;22.275
P21333;22.202
Q9UKV3;21.508
P55201;20.927
Q9NXR1;20.641
Q9NXR1;20.641
Q9UKV3;20.315
Q9UKV3;20.315
P21333;20.132
Q9NXR1;20.122
Q15052;20.115
P46013;19.753
Q13049;19.423
Q13049;19.423
Q9UKV3;19.418
P25440;19.397
P25440;19.397
Q9NXR1;19.374
Q15052;19.317
Q03188;19.123
Q9UKV3;19.090
Q13049;19.001
Q13049;19.001
Q13049;19.001
Q9Y4K4;18.892
Q69YH5;18.765
Q9NXR1;18.358
Q9UKV3;18.242
Q9UKV3;18.242
Q9UKV3;18.159
Q13049;18.057
Q13049;18.057
Q9H4E7;18.057
Q9NXR1;17.682
P55201;17.559
P55201;17.559
P55201;17.559
O00115;17.472
Q5UIP0;17.218
Q86V48;17.160
Q86V48;17.160
Q9NXR1;17.089
Q9NXR1;17.089
Q69YH5;16.944
Q69YH5;16.769
O94830;16.733
O94830;16.733
Q6WKZ4;16.595
Q6WKZ4;16.595
O43768;16.529
O43768;16.529
O43768;16.529
O43768;16.529
P25205;16.240
Q14191;16.072
Q14191;16.072
Q9H4E7;15.929
Q9H4E7;15.929
Q8N0Z3;15.839
P25440;15.571
P25205;15.478
O75132;15.220
Q8NFC6;15.125
Q7KZI7;15.108
P21333;14.926
Q13045;14.795
Q13045;14.795
O75152;14.618
O43768;14.456
O43768;14.456
O43768;14.456
O43768;14.456
O43768;14.456
O43768;14.456
Q9UKV3;14.435
Q9UKV3;14.435
Q9BYW2;14.335
Q92609;14.238
P21333;14.195
O43768;14.090
O43768;14.090
O43768;14.090
O43768;14.090
Q14191;13.854
Q14191;13.854
Q9Y6M9;13.800
O75116;13.782
Q7Z628;13.711
Q92609;13.632
Q92609;13.632
P56211;13.610
O75382;13.385
O75116;13.336
Q7KZI7;13.259
Q7Z5R6;13.233
Q8NFC6;13.221
Q92609;13.092
Q8WWI1;12.984
O43166;12.973
O43166;12.973
O43166;12.973
O43166;12.973
P62753;12.862
P62753;12.862
P25205;12.804
P25205;12.804
P25205;12.804
P25205;12.804
Q13045;12.786
Q7Z628;12.746
P21333;12.571
O94830;12.508
O94830;12.508
P25205;12.317
P25205;12.317
Q5K651;12.221
O75116;12.173
O95402;12.023
Q8NFC6;11.771
Q8NFC6;11.771
Q9Y6M9;11.726
Q7LDG7;11.640
Q13045;11.620
P46013;11.576
P46013;11.576
P46013;11.576
Q6WKZ4;11.504
Q69YH5;11.317
Q69YH5;11.317
O94830;11.148
O94830;11.148
Q7LDG7;11.136
O75369;11.120
O75382;11.118
Q69YH5;11.071
Q69YH5;11.071
Q69YH5;11.071
Q9BW61;11.030
Q9BW61;11.030
Q69YH5;11.014
O94830;11.004
O94830;11.004
O60293;10.945
O60293;10.945
P62753;10.694
O75116;10.635
O75152;10.361
Q9Y4K4;10.330
Q13112;10.293
Q6ULP2;10.270
Q6ULP2;10.270
P56211;10.204
P56211;10.204
O60293;10.150
O60293;10.150
O60293;10.150
O75116;10.107
Q9H4E7;10.048
Q9H4E7;10.048
Q9H4E7;10.048
Q86V48;10.025
Q86V48;10.019
Q9H4E7;10.005
Q9H4E7;10.005
Q86V48;9.987
Q86V48;9.987
Q86V48;9.987
Q86V48;9.932
Q86V48;9.932
Q86V48;9.932
Q86V48;9.932
Q9H307;9.913
Q9BSG1;9.850
Q9Y2K2;9.842
Q8NG31;9.817
Q86U86;9.756
Q9H4E7;9.742
Q9H4E7;9.742
Q6WKZ4;9.732
Q9BW61;9.729
Q9BW61;9.729
Q86V48;9.631
O43166;9.559
Q7LDG7;9.544
P46013;9.411
Q9BSG1;9.304
Q6WKZ4;9.277
P62753;9.274
P11717;9.228
Q8NG31;9.200
Q8NG31;9.200
Q8NG31;9.200
P46013;9.177
P56211;9.075
P56211;9.075
P56211;9.075
Q86V48;9.074
Q86V48;9.074
Q86V48;9.074
Q86V48;9.074
O60293;9.012
O60293;9.012
O60293;9.012
P62753;8.981
P62753;8.981
Q9UGN5;8.884
Q9UGN5;8.722
O75116;8.679
P04049;8.669
Q9BSG1;8.611
Q9BW61;8.609
Q9BW61;8.609
P46013;8.598
P46013;8.598
O75382;8.596
Q9H4A3;8.571
Q9H4A3;8.571
P62753;8.546
O60293;8.543
Q15058;8.518
Q13112;8.517
Q8NG31;8.504
Q8NG31;8.504
Q8NG31;8.504
P56211;8.483
P56211;8.483
Q9BW61;8.431
Q9BW61;8.431
Q9BW61;8.424
Q8NG31;8.424
Q8NG31;8.424
Q8NG31;8.424
Q9BYW2;8.366
P56211;8.350
P56211;8.350
O43166;8.339
O43166;8.339
O43166;8.339
Q14669;8.325
Q9H0X9;8.303
Q6WKZ4;8.279
Q9H0X9;8.213
O60927;8.069
Q8NHU6;8.062
O14974;8.061
Q15052;8.040
P21333;8.009
P21333;8.009
Q9BYW2;8.002
P62753;7.935
P62753;7.935
P46013;7.932
P46013;7.932
Q96HC4;7.924
O60293;7.862
O60293;7.862
O60293;7.862
O60293;7.862
Q5THK1;7.846
Q5THK1;7.846
O14974;7.807
O14974;7.807
Q6WKZ4;7.745
Q9Y4G8;7.740
Q6ULP2;7.700
Q16891;7.699
Q9UJU6;7.659
Q09161;7.658
Q09161;7.658
Q09161;7.658
P49207;7.651
Q14669;7.636
O60927;7.625
O60293;7.623
O60293;7.623
O60293;7.623
Q14149;7.556
Q9NUQ8;7.547
P49207;7.541
P15056;7.534
O43166;7.534
P49207;7.531
Q6WKZ4;7.527
O14974;7.497
Q14669;7.378
Q14669;7.378
Q14669;7.378
O43166;7.337
Q15058;7.337
Q6WKZ4;7.291
O60927;7.272
Q14738;7.263
Q6WKZ4;7.215
Q14738;7.209
Q14738;7.209
Q14738;7.209
Q9Y4K4;7.201
Q8NI08;7.187
P62753;7.184
P49207;7.170
P56211;7.147
P56211;7.147
P56211;7.147
P56211;7.147
P56211;7.147
P56211;7.147
Q9NRH2;7.065
P04049;7.057
P04049;7.057
P49207;7.044
P62258;7.022
Q15058;7.015
Q13769;6.997
Q13769;6.997
Q86V48;6.932
Q86V48;6.932
P46013;6.929
Q9C086;6.919
O00115;6.917
Q5T5C0;6.857
P49207;6.784
Q6ULP2;6.771
P62753;6.763
Q13112;6.727
P56211;6.696
P56211;6.696
P56211;6.696
P56211;6.696
P56211;6.696
O43166;6.690
O43166;6.690
O43166;6.690
O43166;6.690
Q8IYW5;6.645
P56211;6.628
P56211;6.628
Q14149;6.588
Q09161;6.570
Q09161;6.570
Q9H307;6.532
Q13769;6.516
Q9Y4B4;6.512
Q6WKZ4;6.464
P46013;6.447
Q14669;6.438
Q14669;6.438
Q14149;6.398
Q6WKZ4;6.357
Q6WKZ4;6.357
Q5T200;6.269
Q5T200;6.269
Q13769;6.259
Q13769;6.259
O00115;6.253
Q9UGN5;6.251
Q13769;6.228
Q15052;6.192
Q13769;6.164
Q9H307;6.121
P21333;6.074
Q5UIP0;6.065
Q9NZJ0;6.037
Q9NZJ0;6.037
P21333;6.030
Q13769;6.015
Q13769;6.015
Q86V48;5.997
Q86V48;5.997
Q96Q45;5.988
Q9H410;5.985
Q6WKZ4;5.963
Q6WKZ4;5.963
Q9H4A3;5.956
Q9H4A3;5.956
P21333;5.948
Q14493;5.909
Q9UJU6;5.894
P62753;5.887
O75152;5.882
O75152;5.882
O75152;5.882
O75152;5.882
P21333;5.868
O75152;5.819
O75152;5.819
O75152;5.819
O75152;5.819
O75152;5.819
O75152;5.819
P21333;5.792
P62753;5.784
P62753;5.784
O75152;5.783
O75152;5.783
O75152;5.783
O75152;5.783
Q14669;5.777
Q7Z5R6;5.740
Q9BSG1;5.737
P62753;5.729
O75152;5.707
P13807;5.700
P62753;5.682
P46013;5.672
P55201;5.670
O75132;5.657
Q8NFC6;5.654
Q9UJU6;5.654
Q9UJU6;5.654
O75152;5.631
O75152;5.631
O75152;5.619
O75152;5.619
O75152;5.619
O75152;5.619
P62753;5.602
Q5T200;5.601
Q5T200;5.601
O43166;5.595
O43166;5.595
P62753;5.588
P62753;5.586
P62753;5.586
P56211;5.527
O75152;5.505
O75152;5.505
O75152;5.505
Q9UKJ3;5.497
O43166;5.477
O43166;5.477
O43166;5.477
O43166;5.477
O43166;5.477
Q5T200;5.476
Q5T200;5.476
Q9UGN5;5.461
Q9UGN5;5.424
P21333;5.422
P21333;5.415
Q14493;5.395
Q14493;5.395
P0CAP2;5.367
P0CAP2;5.367
Q14493;5.334
Q14493;5.334
Q14493;5.334
P62753;5.325
P62753;5.325
P62753;5.325
O43166;5.307
O43166;5.307
O43166;5.307
O43166;5.307
O43166;5.307
O43166;5.307
Q66K74;5.304
Q66K74;5.304
Q9H4E7;5.280
P51587;5.255
P51587;5.255
Q9NZJ0;5.255
Q9NZJ0;5.255
O43166;5.242
O43166;5.242
O43166;5.242
O43166;5.242
O43166;5.242
O43166;5.242
O43166;5.242
O43166;5.242
Q86V48;5.219
Q14493;5.211
Q14493;5.211
Q9H4E7;5.197
P13807;5.134
Q9Y4G8;5.132
P51587;5.088
P31946|Q04917|P61981;5.049
P54198;5.038
O15511;5.030
Q9H4A3;5.024
Q9H4A3;5.024
Q8NHU6;5.018
P11717;5.002
Q9UKJ3;4.998
P07195;4.916
Q9NZJ0;4.892
Q9NZJ0;4.892
Q9Y2K2;4.869
Q9UKJ3;4.799
Q96Q45;4.793
Q96Q45;4.793
Q9UK76;4.750
Q9H4E7;4.747
Q9BTC0;4.746
Q9BTC0;4.725
Q12912;4.713
Q9HDC5;4.678
Q9HDC5;4.678
Q9Y2I7;4.658
P46013;4.647
P46013;4.647
Q5T5C0;4.628
Q96Q45;4.595
Q9Y4G8;4.588
Q9UKJ3;4.586
Q9Y4G8;4.558
P27348;4.551
Q9Y4G8;4.520
Q9Y4G8;4.520
P63104;4.517
O75152;4.501
Q9H4E7;4.484
Q9H4E7;4.484
Q9H4E7;4.484
Q9H4E7;4.484
Q9H4E7;4.484
P62753;4.452
A6NC98;4.441
A6NC98;4.441
A6NC98;4.441
A6NC98;4.441
P46013;4.439
Q8TEU7;4.423
Q8TEU7;4.397
Q8TEU7;4.397
O95456;4.386
Q86V48;4.383
Q9BTC0;4.382
Q9BTC0;4.373
Q9H4E7;4.371
A6NC98;4.322
A6NC98;4.322
P15056;4.292
P11717;4.286
P11717;4.286
Q9H4E7;4.275
Q9H4E7;4.275
Q9H4E7;4.275
O75995;4.255
Q9H4E7;4.215
Q9H4E7;4.215
Q9H4E7;4.215
Q9NYZ3;4.214
Q9UKA9;4.211
Q8TEU7;4.210
O95456;4.209
Q9UJU6;4.209
P11717;4.199
P11717;4.199
P11717;4.199
Q9Y4G8;4.190
Q9Y3P9;4.176
Q9Y3P9;4.176
Q9Y3P9;4.176
Q9Y3P9;4.176
Q9Y3P9;4.176
Q9Y3P9;4.176
Q9NZJ0;4.173
P23497;4.157
Q9Y2I7;4.141
Q9BQF6;4.134
Q9BQF6;4.134
Q9BQF6;4.134
Q01804;4.129
Q9Y3P9;4.077
Q9Y3P9;4.077
Q9Y3P9;4.077
Q9Y3P9;4.077
Q9Y3P9;4.077
Q9Y6A5;4.076
Q9Y6A5;4.076
P46013;4.066
P46013;4.066
Q14738;4.054
Q14738;4.054
Q14738;4.054
Q9Y6A5;4.050
Q9Y6A5;4.050
Q9NYZ3;4.049
Q9BT25;4.025
Q9BT25;4.025
O95456;4.023
Q96S55;4.016
Q96S55;4.016
A6NC98;4.010
A6NC98;4.010
A6NC98;4.010
A6NC98;4.010
P23497;4.007
P23497;4.007
P46013;3.976
P46013;3.976
P46013;3.976
P46013;3.976
Q9H4A3;3.973
O95456;3.941
O95456;3.941
Q8TBM8;3.941
Q9Y3P9;3.934
Q9Y3P9;3.934
Q9Y3P9;3.934
Q9Y3P9;3.934
P15056;3.929
Q14738;3.925
Q14738;3.925
Q14738;3.925
Q14738;3.925
Q14738;3.925
Q13362;3.919
Q7Z628;3.914
Q6DD87;3.904
Q9UKJ3;3.900
A6NC98;3.890
Q92620;3.887
Q92620;3.887
P27448;3.883
P11717;3.876
P11717;3.876
P11717;3.876
Q8WXE9;3.874
P46013;3.870
P46013;3.870
P46013;3.870
P46013;3.870
P46013;3.870
P46013;3.868
P46013;3.868
P46013;3.868
P46013;3.868
Q9UNL2;3.855
O75369;3.852
Q5THK1;3.851
Q96S55;3.837
Q9BZL4;3.816
P16220|Q03060;3.812
Q53EL6;3.802
Q14738;3.801
Q14738;3.801
Q14738;3.801
Q14738;3.801
Q14738;3.801
Q14738;3.801
Q8TEU7;3.799
Q14738;3.797
Q14738;3.797
Q14738;3.797
Q14738;3.797
P63104;3.795
Q14155;3.781
Q13362;3.746
Q13362;3.746
P15056;3.745
P11717;3.740
P11717;3.735
P11717;3.735
P11717;3.735
P13807;3.730
Q9BT25;3.721
Q9BT25;3.721
Q03188;3.710
Q13362;3.707
Q13362;3.707
Q9UJU6;3.688
P23497;3.684
P13807;3.680
Q9Y2I7;3.679
Q8TEU7;3.674
Q8TEU7;3.674
Q13362;3.651
A6NC98;3.637
P11717;3.634
Q14686;3.633
Q7Z5R6;3.631
Q9UJU6;3.628
Q9UJU6;3.628
Q9UJU6;3.628
Q9UJU6;3.628
P62753;3.628
Q9UKJ3;3.621
Q9UJU6;3.573
Q9UJU6;3.573
Q9UJU6;3.573
Q9NYZ3;3.573
P16220|Q03060;3.549
P16220|Q03060;3.549
Q9NZJ0;3.539
P18846;3.524
Q9UKJ3;3.516
Q9UJU6;3.514
Q9UJU6;3.514
Q9UJU6;3.514
Q9UJU6;3.514
Q9UKJ3;3.512
Q9UJU6;3.508
Q9UJU6;3.508
Q9UJU6;3.508
Q9UJU6;3.508
Q9UJU6;3.508
Q9Y6A5;3.503
Q9Y6A5;3.503
Q9Y6A5;3.503
Q9UJU6;3.501
Q9UJU6;3.501
Q9UJU6;3.501
Q9UJU6;3.501
Q9Y4B4;3.475
P11717;3.473
P11717;3.473
Q86YS7;3.464
P07195;3.453
Q9NZJ0;3.446
Q9Y6A5;3.439
Q9Y6A5;3.439
Q9Y6A5;3.439
P46013;3.438
P46013;3.438
P46013;3.438
P46013;3.438
P46013;3.438
Q9NPH3;3.436
Q9NZJ0;3.431
Q9NZJ0;3.431
P16333;3.430
Q9BT25;3.428
Q9BT25;3.428
Q9HCM4;3.405
Q8WXE9;3.403
Q9Y4B4;3.401
Q8TB68;3.399
Q9HCM4;3.399
Q9UKJ3;3.392
Q9UKJ3;3.392
Q9UKJ3;3.392
Q9HCM4;3.390
Q13535;3.375
Q9NZJ0;3.370
Q9NZJ0;3.370
Q9UKJ3;3.368
Q9UKJ3;3.368
Q9UKJ3;3.368
Q9UKJ3;3.368
P15056;3.362
P15056;3.362
Q14738;3.353
Q14738;3.353
Q14738;3.353
Q14738;3.353
Q96S55;3.343
Q96S55;3.343
Q7Z401;3.337
Q7Z401;3.337
Q9Y6A5;3.314
Q9Y6A5;3.314
Q9Y6A5;3.314
Q9NZJ0;3.302
Q9NZJ0;3.302
P15056;3.299
P15056;3.299
Q14686;3.298
Q7Z401;3.297
Q9NZJ0;3.286
Q53EL6;3.264
Q96S55;3.262
Q96S55;3.262
Q96S55;3.262
Q9HAW4;3.254
Q9BQF6;3.248
Q9BQF6;3.248
Q9BQF6;3.248
Q9BQF6;3.248
Q9BQF6;3.248
P78371;3.242
P78371;3.242
P78371;3.242
P16333;3.230
P16333;3.230
Q66K74;3.219
Q66K74;3.219
P16333;3.216
P16333;3.216
P16333;3.216
O75962;3.206
O75962;3.206
Q9UKJ3;3.198
Q9UKJ3;3.198
Q9UKJ3;3.198
Q96S55;3.195
Q96S55;3.195
Q96S55;3.195
P15056;3.186
P15056;3.186
P16333;3.183
P16333;3.183
Q9Y6A5;3.180
Q9Y6A5;3.180
Q9Y6A5;3.180
Q96S55;3.179
Q96S55;3.179
Q96S55;3.179
P11717;3.178
P11717;3.178
Q9HCM4;3.175
Q6AHZ1;3.170
Q9NZJ0;3.163
Q9Y4B4;3.162
O75962;3.159
O75962;3.159
P16333;3.158
P16333;3.158
Q9BQF6;3.149
Q9BQF6;3.149
P78371;3.146
P33778|P06899|P23527|Q16778;3.137
P67809|P16989|Q9Y2T7;3.135
P67809|P16989|Q9Y2T7;3.135
P62753;3.132
P62753;3.132
Q9Y4B4;3.132
Q7Z401;3.130
Q7Z401;3.130
Q7Z401;3.130
Q9P2M7;3.129
Q9P2M7;3.129
Q9P2M7;3.129
P78371;3.124
Q9BQF6;3.122
P62753;3.108
P62753;3.108
P35611|P35612|Q9UEY8;3.083
Q15648;3.082
Q15648;3.082
Q15648;3.082
P16333;3.074
P16333;3.074
O75995;3.069
Q7Z401;3.067
Q7Z401;3.067
Q7Z401;3.067
O43295;3.067
O75962;3.040
O75962;3.040
O75962;3.040
Q9BQF6;3.030
Q9BQF6;3.030
Q9BQF6;3.030
Q9BQF6;3.030
Q9NZJ0;3.026
Q8IYW5;3.016
Q9UQ84;3.015
Q9UQ84;3.015
Q14155;3.005
Q9H4A3;3.002
Q9H4A3;3.002
Q14155;2.998
Q7Z4V5;2.997
P62753;2.995
P62753;2.995
Q13535;2.979
Q9NZJ0;2.963
Q99549;2.961
Q9H9B1;2.960
O95294;2.959
Q13535;2.938
Q13535;2.938
Q9NQS7;2.936
O95294;2.929
Q9UQ84;2.928
Q9UQ84;2.928
Q9UQ84;2.928
Q9UQ84;2.928
Q9UQ84;2.928
P20700;2.923
Q9BXB4;2.917
P53367;2.911
P53367;2.909
P53367;2.909
P08579|P09012;2.905
Q8NEY1;2.900
Q8TB68;2.893
Q9P2M7;2.890
Q9P2M7;2.890
Q9P2M7;2.890
Q9BQF6;2.884
Q9BQF6;2.884
Q9BQF6;2.884
Q9BQF6;2.884
Q9BQF6;2.884
Q9BQF6;2.884
Q9UQ84;2.873
Q9UQ84;2.873
Q9UQ84;2.873
Q9UQ84;2.873
Q9P2M7;2.860
Q9P2M7;2.860
Q9P2M7;2.860
Q13535;2.848
Q13535;2.841
Q13535;2.841
Q7Z4V5;2.835
Q7Z4V5;2.835
Q92845;2.834
Q9Y4B4;2.800
P78371;2.797
P78371;2.797
P78371;2.797
P13807;2.784
P13807;2.784
Q13765;2.770
Q7Z5R6;2.752
Q9P2M7;2.732
P34931|P08107|P54652|P11142;2.724
O15511;2.714
O15511;2.714
Q4LE39;2.689
Q9ULH0;2.681
Q9Y4B4;2.678
O15511;2.661
Q14493;2.660
Q13535;2.658
Q7Z5R6;2.652
P13807;2.631
Q9P2M7;2.617
O15511;2.596
Q7Z4V5;2.595
Q7Z4V5;2.595
P78371;2.595
P78371;2.595
P78371;2.595
P16220|Q03060;2.589
Q9NYZ3;2.584
P53367;2.581
P53367;2.581
P53367;2.581
Q8TDZ2;2.577
Q8TDZ2;2.577
P20700;2.577
Q6ZUM4;2.568
Q7Z4V5;2.560
Q96QT4;2.556
P16220|Q03060;2.537
P16220|Q03060;2.537
Q9P2M7;2.536
Q7Z5R6;2.536
Q7Z5R6;2.536
Q7Z5R6;2.536
P27448;2.528
Q6AHZ1;2.519
Q9BTC0;2.518
Q9BTC0;2.518
Q15648;2.517
Q15648;2.517
Q6ZUM4;2.515
Q9NP64;2.506
Q9BXB4;2.502
P53367;2.497
P53367;2.497
P53367;2.497
Q9NQS7;2.496
Q9NQS7;2.496
Q9UK76;2.495
Q9NSY1;2.487
Q9BQ48;2.485
Q9NSY1;2.484
P13807;2.482
P13807;2.482
Q9NQS7;2.479
Q6NT76;2.464
P39748;2.462
P39748;2.462
Q4LE39;2.462
Q4LE39;2.462
Q4LE39;2.462
Q4LE39;2.462
Q9BXB4;2.457
Q9NYZ3;2.457
Q99549;2.440
P53367;2.438
P46776;2.435
Q9NYZ3;2.432
Q7Z4V5;2.431
Q7Z4V5;2.431
Q96KR1;2.423
P16220|Q03060;2.421
P16220|Q03060;2.421
Q9BXB4;2.421
P51523;2.420
Q8TDZ2;2.415
Q8TDZ2;2.415
Q14493;2.410
Q14493;2.410
O00566;2.408
Q00537;2.404
Q9UK76;2.402
Q8TBM8;2.391
Q9NZJ0;2.363
Q9NZJ0;2.363
Q9BTC0;2.363
Q9BTC0;2.363
Q9BTC0;2.363
Q9UK76;2.360
Q9UID6;2.355
Q9UID6;2.355
Q9UID6;2.355
Q9UID6;2.355
Q9UID6;2.355
P20700;2.353
Q96S55;2.343
P53367;2.332
P53367;2.332
P53367;2.332
P53367;2.332
Q92576;2.320
Q92576;2.320
Q92576;2.320
Q7Z4V5;2.315
Q7Z4V5;2.315
O43639;2.315
O43639;2.315
Q92576;2.302
Q92576;2.302
P62750;2.302
Q8TDZ2;2.301
Q8TDZ2;2.301
Q9BTC0;2.294
Q9BTC0;2.294
Q8WWN9;2.291
Q8WWN9;2.291
P16150;2.291
Q9Y2X3;2.272
Q9Y2K5;2.272
Q70CQ2;2.258
Q14493;2.249
Q14493;2.249
Q8NDI1;2.246
Q7Z3T8;2.235
P35611|P35612|Q9UEY8;2.229
Q96KR1;2.222
O95294;2.221
Q9NZJ0;2.212
Q00537;2.204
Q9H410;2.201
Q9P258;2.197
P33778|P06899|P23527|Q16778|Q6DN03|Q6DRA6;2.197
Q9BTC0;2.193
Q9BTC0;2.193
Q9BTC0;2.193
Q9BTC0;2.193
P20290|Q96K17;2.189
P20290|Q96K17;2.189
Q9BTC0;2.189
Q9UID6;2.183
Q9UID6;2.183
Q9NZJ0;2.180
Q9NZJ0;2.179
Q9NQS7;2.176
Q9H410;2.167
Q4LE39;2.166
Q4LE39;2.166
Q4LE39;2.166
P62906;2.158
Q8TDZ2;2.155
Q8TDZ2;2.155
Q8TDZ2;2.155
Q92598;2.152
Q92598;2.152
P35611|P35612|Q9UEY8;2.147
P35611|P35612|Q9UEY8;2.147
Q8NG31;2.145
Q8NG31;2.145
Q9P2M4;2.143
Q92576;2.141
Q92576;2.141
Q8NG31;2.140
Q8NG31;2.140
Q8NG31;2.140
P35611|P35612|Q9UEY8;2.139
Q9P2M4;2.131
Q9P2M4;2.131
Q9P2M4;2.131
Q07020;2.131
Q6ZU80;2.130
Q00537;2.128
Q9NRH2;2.124
Q92576;2.124
Q6P6C2;2.114
Q99961;2.106
P20700;2.106
P16150;2.099
Q6ZU80;2.094
Q00537;2.094
Q00537;2.094
O95747;2.088
Q9H2G2;2.086
P20671|Q96KK5|Q99878|P0C0S8;2.084
P20671|Q96KK5|Q99878|P0C0S8;2.084
P20671|Q96KK5|Q99878|P0C0S8;2.084
P16403;2.082
Q8TB68;2.082
Q16875;2.074
Q16875;2.074
Q14738;2.072
Q9UKA9;2.070
Q9Y2K5;2.067
P18846;2.057
Q14738;2.056
Q07352;2.041
Q93009;2.039
Q9Y2X3;2.037
Q14738;2.036
Q14738;2.036
Q8NG31;2.034
Q8NG31;2.034
Q8NG31;2.034
Q8WWN9;2.033
Q8WWN9;2.033
O75995;2.032
Q9H410;2.023
Q9H410;2.023
Q8TDZ2;2.023
Q8TDZ2;2.023
Q8TDZ2;2.023
Q16875;2.015
Q16875;2.015
Q16875;2.015
Q53QZ3;2.013
Q53QZ3;2.013
Q14738;2.007
Q14738;2.007
P16150;2.004
Q07352;1.991
Q07352;1.991
P27448;1.990
Q9HAW4;1.983
Q96KR1;1.982
O75367;1.975
Q16875;1.973
Q8NAV1;1.972
Q7Z3T8;1.970
Q96KR1;1.967
Q96KR1;1.967
Q99832;1.962
Q99832;1.962
Q07352;1.962
Q07352;1.962
Q16875;1.957
O75962;1.955
Q9HAW4;1.932
Q9HAW4;1.932
Q6P6C2;1.928
Q14738;1.924
Q01469;1.919
Q16875;1.916
Q14738;1.914
Q14738;1.914
Q53QZ3;1.912
Q53QZ3;1.912
O75995;1.911
O75995;1.911
Q8WWN9;1.910
Q8WWN9;1.910
O14974;1.909
P47736;1.904
P47736;1.904
P47736;1.904
Q6P4F7;1.903
P09543;1.884
P09543;1.884
P48651;1.879
P48651;1.872
Q9H410;1.859
Q8NG31;1.851
Q8NG31;1.851
Q14498;1.845
Q15121;1.839
Q16875;1.838
Q9BQ48;1.836
Q9UPQ3;1.832
Q96KR1;1.830
Q96KR1;1.830
Q96KR1;1.830
Q9NQS7;1.814
Q96KR1;1.805
Q96KR1;1.805
Q16875;1.805
Q16875;1.805
Q9UQ35;1.793
Q6P4F7;1.791
P35269;1.790
P16885;1.786
Q6P4F7;1.783
Q14738;1.778
Q14738;1.778
P09543;1.773
P09543;1.773
P09543;1.773
P40925;1.772
P40925;1.772
Q9NQS7;1.770
Q9NQS7;1.770
Q8NDI1;1.768
Q8NDI1;1.768
Q9BX40;1.765
Q6P4F7;1.763
Q9BX40;1.758
P35269;1.752
P35269;1.752
A2RRP1;1.747
A2RRP1;1.747
Q9ULT8;1.744
Q13765;1.744
Q9NQS7;1.741
Q9NQS7;1.741
P47736;1.738
Q9H4E7;1.735
Q6ZU80;1.733
O75962;1.733
O75962;1.733
O75962;1.733
P62244;1.725
P62244;1.725
P47736;1.723
P47736;1.723
O75962;1.720
O75962;1.720
Q8TDZ2;1.714
Q15121;1.708
Q15121;1.708
Q15121;1.708
Q15121;1.708
Q15121;1.707
A2RRP1;1.699
P40925;1.693
P40925;1.693
O75995;1.693
O75962;1.692
O75962;1.692
O75962;1.692
P15056;1.692
P15056;1.692
Q9HAW4;1.689
Q9HAW4;1.689
P15056;1.687
P40925;1.685
P40925;1.685
Q7Z5R6;1.682
P13010;1.680
P62244;1.676
P62244;1.676
P15056;1.676
P15056;1.676
P09543;1.674
Q9BX40;1.671
O75995;1.661
O75995;1.661
O75995;1.661
O75962;1.660
O75962;1.660
Q8NDI1;1.659
Q8NDI1;1.659
Q6P4F7;1.658
Q6P4F7;1.657
Q6P4F7;1.657
P46013;1.654
P35241|P26038;1.654
P55084;1.653
P35269;1.651
Q02878;1.651
P26599;1.647
P16150;1.645
P16150;1.645
Q32P51|P09651|P51991;1.640
Q32P51|P09651|P51991;1.640
Q32P51|P09651|P51991;1.640
Q14738;1.630
Q14738;1.630
Q5JTD0;1.623
Q5JTD0;1.623
P15056;1.623
P15056;1.623
Q9Y333;1.621
Q9Y333;1.621
P18846;1.616
P18846;1.616
Q9Y2H9;1.613
Q9Y2H9;1.613
P35611|P35612|Q9UEY8;1.611
Q6GYQ0;1.610
P30050;1.608
P53671;1.600
P62195;1.598
P62195;1.598
Q14498;1.597
Q99590;1.595
Q15032;1.594
Q15032;1.594
Q86V48;1.593
Q9NQS7;1.591
P62861;1.591
Q9HDC5;1.586
P09543;1.585
P09543;1.585
P09543;1.585
O75995;1.582
O75995;1.582
Q8TBM8;1.580
P15056;1.579
P15056;1.579
P13612;1.573
P13612;1.573
Q15032;1.567
Q15032;1.567
Q15121;1.567
Q15121;1.567
Q15121;1.567
Q15121;1.567
P18846;1.564
P18846;1.564
P18846;1.563
Q15121;1.563
Q15121;1.563
Q15121;1.563
P62244;1.561
P62244;1.561
Q9HDC5;1.559
P36542;1.558
P36542;1.558
P30086;1.557
P13612;1.551
P13612;1.551
P13612;1.551
P18846;1.548
P55060;1.543
O95294;1.539
Q9NQS7;1.538
O14924;1.535
O14924;1.535
P16150;1.535
P13612;1.533
P13612;1.533
P13612;1.533
Q6JBY9;1.530
Q6JBY9;1.530
O75044;1.530
O75044;1.530
Q8NDI1;1.512
P38646;1.509
O75044;1.507
P25054;1.505
P25054;1.505
P09543;1.504
P09543;1.504
P09543;1.504
P09543;1.504
O95149;1.503
P10809;1.496
P10809;1.496
P10809;1.496
Q86X02;1.492
Q9HDC5;1.491
Q9HDC5;1.491
Q14865;1.490
Q14498;1.489
Q14498;1.489
Q14103;1.489
Q14103;1.489
P09543;1.486
P09543;1.486
P09543;1.486
P09543;1.486
P48735;1.485
P50395|P31150;1.484
P50990;1.484
Q14865;1.482
Q14865;1.482
P49773;1.482
P30101;1.476
P09543;1.475
P09543;1.475
P09543;1.475
P09543;1.475
P09543;1.475
P09543;1.475
P09543;1.475
P09543;1.475
P15882;1.472
O60237;1.467
P06733;1.466
P06733;1.466
P06733;1.466
Q9NPH3;1.465
Q9NQS7;1.464
P16150;1.461
P16150;1.461
P16150;1.461
P16150;1.461
Q53QZ3;1.455
Q53QZ3;1.455
Q53QZ3;1.455
Q53QZ3;1.455
P36578;1.454
Q6ZUT9;1.453
O75044;1.451
Q9HDC5;1.450
Q9HDC5;1.450
O75044;1.448
Q14865;1.445
Q14865;1.445
Q53QZ3;1.444
Q53QZ3;1.444
Q53QZ3;1.444
Q96A26;1.444
Q9UK76;1.443
O95149;1.439
O75044;1.437
Q00325;1.436
Q00325;1.436
Q9HDC5;1.433
P31948;1.433
P31948;1.433
O14924;1.428
P13010;1.423
P36542;1.417
P36542;1.417
P31146;1.411
Q15032;1.404
Q15032;1.404
P62753;1.399
P62753;1.399
Q15021;1.398
P52565;1.393
P52565;1.393
P52565;1.393
P06733;1.385
Q13136;1.385
P30050;1.384
P30050;1.384
Q53QZ3;1.383
Q53QZ3;1.383
Q53QZ3;1.383
Q53QZ3;1.383
Q53QZ3;1.383
Q15021;1.382
P13010;1.381
P00441;1.378
P67809|P16989|Q9Y2T7;1.378
P67809|P16989|Q9Y2T7;1.378
P67809|P16989|Q9Y2T7;1.378
Q6JBY9;1.375
Q53QZ3;1.370
Q53QZ3;1.370
Q53QZ3;1.370
Q53QZ3;1.370
P35611|P35612|Q9UEY8;1.367
P35611|P35612|Q9UEY8;1.367
P35611|P35612|Q9UEY8;1.367
P35611|P35612|Q9UEY8;1.367
P35611|P35612|Q9UEY8;1.367
P35611|P35612|Q9UEY8;1.367
P35611|P35612|Q9UEY8;1.367
P35611|P35612|Q9UEY8;1.367
P35611|P35612|Q9UEY8;1.367
P06730;1.366
P06730;1.366
P06730;1.366
O75995;1.366
O75995;1.366
O14974;1.366
Q15185;1.364
Q00839;1.362
Q6JBY9;1.353
Q6JBY9;1.353
P00441;1.353
O75995;1.349
Q9NYU2;1.349
Q9Y285;1.346
P16150;1.343
P53671;1.342
Q53QZ3;1.339
Q53QZ3;1.339
Q53QZ3;1.339
O00148;1.336
Q92598;1.335
Q53QZ3;1.331
Q53QZ3;1.331
Q53QZ3;1.331
Q53QZ3;1.331
Q5JTD0;1.331
O75044;1.327
P46778;1.323
Q7Z2W4;1.323
P62861;1.320
P62861;1.320
Q9HDC5;1.319
Q9HDC5;1.319
O14924;1.314
O14924;1.314
Q08211;1.311
P46776;1.311
P47756;1.310
P47756;1.310
O14974;1.310
O14974;1.310
Q58FF7|P08238;1.310
P52566;1.309
P52566;1.309
Q96A26;1.304
Q96A26;1.304
Q96A26;1.304
P53680;1.301
P07900;1.301
P07900;1.301
P62807|P58876|Q93079|O60814|Q99880|Q99879|Q99877|Q5QNW6|P57053;1.300
P62807|P58876|Q93079|O60814|Q99880|Q99879|Q99877|Q5QNW6|P57053;1.300
O95747;1.299
O95747;1.299
O95747;1.299
P16150;1.297
O75558;1.295
O75558;1.295
Q6FI13|Q16777|Q9BTM1;1.295
Q8WWI1;1.292
P49458;1.292
O95983;1.290
Q9UBP0;1.285
Q16666;1.284
Q53QZ3;1.281
Q53QZ3;1.281
Q9BPZ7;1.280
P35611|P35612|Q9UEY8;1.280
P35611|P35612|Q9UEY8;1.280
P35611|P35612|Q9UEY8;1.280
P35611|P35612|Q9UEY8;1.280
P35611|P35612|Q9UEY8;1.280
P35611|P35612|Q9UEY8;1.280
Q7Z3T8;1.279
Q7Z3T8;1.279
Q7Z3T8;1.279
P62273;1.273
Q99497;1.272
P62081;1.267
P62081;1.267
A0AVK6;1.267
P33778|P62807|P58876|Q93079|P06899|O60814|Q99880|Q99879|Q99877|P23527|Q16778|Q5QNW6|P57053;1.265
P33778|P62807|P58876|Q93079|P06899|O60814|Q99880|Q99879|Q99877|P23527|Q16778|Q5QNW6|P57053;1.265
P04075|P09972|P05062;1.262
P16333;1.259
P16333;1.259
Q14738;1.258
P63220;1.257
P25054;1.255
P25054;1.255
P16150;1.255
P16150;1.255
P16150;1.255
P16150;1.255
P10809;1.255
P10809;1.255
P06733|P09104|P13929;1.255
P30086;1.253
P10809;1.252
P10809;1.252
P62807|P58876|Q93079|O60814|Q99880|Q99879|Q99877|Q5QNW6|P57053;1.251
P62807|P58876|Q93079|O60814|Q99880|Q99879|Q99877|Q5QNW6|P57053;1.251
P62807|P58876|Q93079|O60814|Q99880|Q99879|Q99877|Q5QNW6|P57053;1.251
Q14738;1.250
Q14738;1.250
Q14738;1.249
Q14738;1.249
Q14738;1.249
P46778;1.245
P46778;1.245
P32969;1.244
P32969;1.244
P32969;1.244
Q53QZ3;1.242
Q9NYZ3;1.240
Q9NYZ3;1.240
Q9NYZ3;1.240
P17812;1.240
P17812;1.240
P25705;1.239
P50502|Q8IZP2|Q8NFI4;1.235
P50502|Q8IZP2|Q8NFI4;1.235
P50502|Q8IZP2|Q8NFI4;1.235
Q9ULT8;1.234
Q9ULT8;1.234
Q9ULT8;1.234
Q14738;1.234
Q14738;1.234
Q14738;1.234
P20290|Q96K17;1.233
Q96T37;1.229
Q96T37;1.229
Q96T37;1.229
Q9H4A3;1.229
O95232;1.229
O95232;1.228
Q9ULT8;1.227
Q9ULT8;1.227
Q9Y333;1.227
P10809;1.226
P10809;1.226
Q9ULT8;1.226
Q9ULT8;1.226
Q9ULT8;1.226
P52565;1.226
Q9H4A3;1.225
Q9H4A3;1.225
Q53QZ3;1.225
Q53QZ3;1.225
Q53QZ3;1.225
Q53QZ3;1.225
Q9NYF5;1.224
O75145;1.222
P04406;1.219
Q9ULT8;1.218
Q9ULT8;1.218
Q13885|Q9BVA1|Q13509|P04350|P68371|P07437;1.215
Q13885|Q9BVA1|Q13509|P04350|P68371|P07437;1.215
Q13136;1.215
Q13136;1.215
P35579;1.215
P35579;1.215
P00338;1.214
P00338;1.214
Q00839;1.213
Q9UK76;1.213
Q7Z3T8;1.212
Q7Z3T8;1.212
Q7Z3T8;1.212
Q9H2G2;1.212
Q9H2G2;1.212
Q14722|Q13303;1.212
P46781;1.212
Q96A26;1.211
Q96A26;1.211
P22392|O60361;1.211
Q7Z3T8;1.211
Q7Z3T8;1.211
Q7Z3T8;1.211
Q5SW79;1.210
Q5SW79;1.210
Q5SW79;1.210
O95747;1.210
O95747;1.210
Q9HB71;1.208
A0AVK6;1.207
Q00839;1.206
Q00839;1.206
Q00839;1.206
P35611|P35612|Q9UEY8;1.206
P35611|P35612|Q9UEY8;1.206
P35611|P35612|Q9UEY8;1.206
P35611|P35612|Q9UEY8;1.206
O14979;1.206
O14979;1.206
O14979;1.206
Q14738;1.205
Q9UBP0;1.205
Q9UBP0;1.205
Q16695|P68431|Q71DI3|P84243|Q6NXT2;1.203
Q16695|P68431|Q71DI3|P84243|Q6NXT2;1.203
Q16695|P68431|Q71DI3|P84243|Q6NXT2;1.203
Q96T37;1.202
Q96T37;1.202
P10809;1.201
P10809;1.201
Q00839;1.200
Q00839;1.200
Q00839;1.200
Q99729;1.199
Q99729;1.199
Q99729;1.199
Q9NYZ1;1.199
P35579;1.199
P35579;1.199
Q9UBP0;1.196
Q9UBP0;1.196
Q9NYZ3;1.196
Q9NYZ3;1.196
Q9NYZ3;1.196
Q86SE5;1.196
Q86SE5;1.196
Q96T37;1.195
Q96T37;1.195
O95983;1.194
O95747;1.192
O95747;1.192
O14979;1.192
Q9H4A3;1.191
Q96T37;1.191
Q96T37;1.191
Q96T37;1.191
Q53QZ3;1.190
O95232;1.189
P35611|P35612|Q9UEY8;1.189
P35611|P35612|Q9UEY8;1.189
P35611|P35612|Q9UEY8;1.189
P35611|P35612|Q9UEY8;1.189
P35611|P35612|Q9UEY8;1.189
P35611|P35612|Q9UEY8;1.189
P35611|P35612|Q9UEY8;1.189
P35611|P35612|Q9UEY8;1.189
P35611|P35612|Q9UEY8;1.189
P35611|P35612|Q9UEY8;1.189
P35611|P35612|Q9UEY8;1.189
P35611|P35612|Q9UEY8;1.189
O95232;1.187
P38159|Q96E39|O75526|Q8N7X1;1.186
P38159|Q96E39|O75526|Q8N7X1;1.186
P38159|Q96E39|O75526|Q8N7X1;1.186
P60900;1.185
P46776;1.185
Q9H4A3;1.185
Q9H4A3;1.185
P08238|Q58FF8|Q58FF7;1.185
Q58FF8|Q58FF7|P08238;1.185
Q99590;1.184
P06576;1.183
O95983;1.183
P00558|P07205;1.183
P00558|P07205;1.183
P00558|P07205;1.183
P26038;1.182
P26038;1.182
O00267;1.181
P62244;1.179
P62244;1.179
P62244;1.179
O75558;1.178
O75558;1.178
Q9BPZ7;1.178
Q9BPZ7;1.178
Q9BPZ7;1.178
Q9BPZ7;1.178
P25054;1.178
P25054;1.178
P30086;1.178
Q99729;1.177
Q99729;1.177
Q9BPZ7;1.177
Q9BPZ7;1.177
P15882;1.177
P15882;1.177
P15882;1.177
Q14738;1.176
Q86X02;1.176
P16150;1.175
P16150;1.175
P53004;1.175
P63241|Q9GZV4|Q6IS14;1.174
P63241|Q9GZV4|Q6IS14;1.174
Q9H4A3;1.174
P00338;1.172
P00338;1.172
A0AVK6;1.171
O43295;1.171
Q9BPZ7;1.171
Q9BPZ7;1.171
Q9BPZ7;1.171
P35611|P35612|Q9UEY8;1.171
P35611|P35612|Q9UEY8;1.171
P15882;1.171
P15882;1.171
P61088;1.171
O95747;1.170
P20700;1.170
P06748;1.170
P06748;1.170
P06748;1.170
P11310;1.169
Q14738;1.169
Q14738;1.169
Q9BPZ7;1.169
Q9BPZ7;1.169
Q9BPZ7;1.169
Q9BPZ7;1.169
Q9BPZ7;1.169
P35611|P35612|Q9UEY8;1.169
P35611|P35612|Q9UEY8;1.169
P35611|P35612|Q9UEY8;1.169
P05386;1.169
P05386;1.169
P22087;1.169
P22087;1.169
P22087;1.169
P46776;1.168
P09622;1.168
P09622;1.168
P15882;1.167
P15882;1.167
P84090;1.167
P84090;1.167
P84090;1.167
P84090;1.167
P84090;1.167
P60866;1.167
Q969H8;1.167
Q969H8;1.167
Q969H8;1.167
Q9HDC5;1.166
Q9HDC5;1.166
Q9HDC5;1.166
P10809;1.166
P10809;1.166
Q14738;1.166
Q14738;1.166
Q14738;1.166
Q9H2G2;1.162
Q9H2G2;1.162
P47755|P52907;1.162
P47755|P52907;1.162
P47755|P52907;1.162
P60174;1.161
P60174;1.161
Q9UNN5;1.160
Q9HDC5;1.160
Q9HDC5;1.160
Q9HDC5;1.160
P08238|Q58FF8|Q58FF7;1.160
P49773;1.159
Q9HDC5;1.157
Q9HDC5;1.157
Q9NYZ1;1.157
Q9NYZ1;1.157
O60234;1.157
P35611|P35612|Q9UEY8;1.156
P35611|P35612|Q9UEY8;1.156
P35611|P35612|Q9UEY8;1.156
P35611|P35612|Q9UEY8;1.156
P35611|P35612|Q9UEY8;1.156
P35611|P35612|Q9UEY8;1.156
P35611|P35612|Q9UEY8;1.156
Q32P51|P09651|P51991;1.155
P15882;1.155
P15882;1.155
P35611|P35612|Q9UEY8;1.154
P35611|P35612|Q9UEY8;1.154
P35611|P35612|Q9UEY8;1.154
P35611|P35612|Q9UEY8;1.154
P35611|P35612|Q9UEY8;1.154
P35611|P35612|Q9UEY8;1.154
O75962;1.153
P04406;1.153
P04406;1.153
P47755|P52907;1.153
P47755|P52907;1.153
P47755|P52907;1.153
P16150;1.153
P16150;1.153
P16150;1.153
O00231;1.152
O00231;1.152
Q5SW79;1.151
Q5SW79;1.151
Q5SW79;1.151
O95747;1.147
O95747;1.147
O95747;1.147
P16150;1.146
P16150;1.146
P16150;1.146
P10599;1.145
P27797;1.144
Q14722|Q13303;1.144
Q14722|Q13303;1.144
Q14722|Q13303;1.144
P04406;1.143
Q9Y520;1.143
P50991;1.143
O95232;1.142
O95232;1.142
P06748;1.142
P06748;1.142
P35579;1.141
P35579;1.141
P35579;1.141
Q9H6A9;1.141
P16150;1.140
P16150;1.140
P16150;1.140
P26583;1.139
P22307;1.139
P22307;1.139
P07910;1.138
P07910;1.138
Q14722|Q13303;1.138
Q14722|Q13303;1.138
Q14722|Q13303;1.138
P62269;1.138
P16150;1.137
P16333;1.136
P16333;1.136
P16333;1.136
P16333;1.136
P16333;1.136
Q99729;1.135
Q99729;1.135
Q99729;1.135
P16333;1.134
P16333;1.134
P16333;1.134
P16333;1.134
P35611|P35612|Q9UEY8;1.133
P35611|P35612|Q9UEY8;1.133
P35611|P35612|Q9UEY8;1.133
P35611|P35612|Q9UEY8;1.133
P35611|P35612|Q9UEY8;1.133
P35611|P35612|Q9UEY8;1.133
P35611|P35612|Q9UEY8;1.133
P35579;1.133
P35579;1.133
P30040;1.132
P30040;1.132
P16150;1.132
P16150;1.132
P16150;1.132
P16150;1.132
Q00839;1.132
P49207;1.131
Q9Y520;1.131
Q03188;1.130
Q14566;1.129
Q32P51|P09651;1.128
Q32P51|P09651;1.128
P14625;1.127
P14625;1.127
Q9BRA2;1.127
Q58FF8|P08238;1.126
Q58FF8|P08238;1.126
P07910;1.126
P16333;1.125
P16333;1.125
P16333;1.125
P16333;1.125
P16333;1.125
P23246;1.125
O95232;1.124
P16333;1.123
P16333;1.123
P16333;1.123
P16333;1.123
P20671|Q96KK5|Q99878|P0C0S8;1.123
P20671|Q96KK5|Q99878|P0C0S8;1.123
P09429;1.123
P09429;1.123
P09429;1.123
P06576;1.122
P06576;1.122
P06576;1.122
Q14103;1.121
Q14103;1.121
Q14103;1.121
A0AVK6;1.121
Q07666|O75525|Q5VWX1;1.120
P84090;1.120
P84090;1.120
P84090;1.120
O95232;1.119
O95232;1.119
P10809;1.119
P10809;1.119
Q9BPZ7;1.118
Q9BPZ7;1.118
Q9BPZ7;1.118
Q9BRA2;1.118
Q9BRA2;1.118
P39023;1.117
P39023;1.117
P11387;1.116
P07737;1.115
P07737;1.115
P07737;1.115
P07237;1.115
P07237;1.115
P07237;1.115
P62081;1.114
P62081;1.114
P62081;1.114
Q5SW79;1.114
Q5SW79;1.114
P62263;1.114
Q9HDC5;1.113
Q9HDC5;1.113
Q9HDC5;1.113
Q9HDC5;1.113
Q9HDC5;1.113
P16333;1.113
P16333;1.113
P62273;1.112
O00429;1.112
P09429;1.112
P09429;1.112
P09429;1.112
Q13136;1.111
P09429;1.111
Q6GYQ0;1.111
P36578;1.109
P14618;1.109
P14618;1.109
P14618;1.109
P10599;1.109
P14151;1.108
P14151;1.108
P14151;1.108
P16150;1.107
P16150;1.107
P16150;1.107
P16150;1.107
P62861;1.106
P62861;1.106
Q14865;1.106
Q14865;1.106
Q99832;1.106
P63220;1.106
P62851;1.105
P62851;1.105
P09622;1.104
P09622;1.104
P09622;1.104
P16150;1.104
P16150;1.104
P16150;1.104
P06733;1.104
P06733;1.104
P06733;1.104
Q13838;1.103
Q13838;1.103
P04406;1.103
P04406;1.103
P04406;1.103
P09622;1.103
P09622;1.103
Q13765|Q9BZK3;1.100
P47755|P52907;1.099
P47755|P52907;1.099
P47755|P52907;1.099
O95232;1.099
O95232;1.099
P61586|P62745|P08134;1.099
P61586|P62745|P08134;1.099
P61586|P62745|P08134;1.099
P61586|P62745|P08134;1.099
Q9Y4G6|Q9Y490;1.099
Q9Y4G6|Q9Y490;1.099
P04406;1.099
P04406;1.099
P31948;1.099
P31948;1.099
P31948;1.099
Q99729;1.098
Q99729;1.098
Q99729;1.098
Q99729;1.098
P40227|Q92526;1.098
P40227|Q92526;1.098
P11310;1.098
Q14103;1.098
Q14103;1.098
Q14103;1.098
Q14103;1.097
Q14103;1.097
Q14103;1.097
Q14103;1.097
Q14103;1.097
Q14103;1.097
Q96T37;1.097
Q14103;1.095
Q14103;1.095
Q14103;1.095
P20290|Q96K17;1.095
P20290|Q96K17;1.095
P06748;1.094
P06748;1.094
P06748;1.094
O95232;1.094
O95232;1.094
Q08211;1.094
P83731;1.094
P83731;1.094
P07737;1.092
P07737;1.092
P07737;1.092
O15145;1.092
Q9H4A3;1.091
P50991;1.091
P50991;1.091
P50991;1.091
Q13136;1.091
Q13136;1.091
Q13136;1.091
Q13136;1.091
P07737;1.090
P07737;1.090
P07737;1.090
O43295;1.090
P06733;1.090
P06733;1.090
P06733;1.090
Q8WUY9;1.089
Q8WUY9;1.089
P62273;1.089
P06733;1.089
P06733;1.089
P47756;1.088
P47756;1.088
P47756;1.088
P06576;1.088
P06576;1.088
Q58FF7|P08238;1.088
P09661;1.088
P09661;1.088
P39023;1.088
P45880;1.087
P45880;1.087
P36578;1.087
P55072;1.087
P55072;1.087
P55072;1.087
Q13136;1.084
Q13136;1.084
P35611|P35612|Q9UEY8;1.084
P35611|P35612|Q9UEY8;1.084
P35611|P35612|Q9UEY8;1.084
Q32P51|P09651|P51991;1.084
Q32P51|P09651|P51991;1.084
Q32P51|P09651|P51991;1.084
P07195;1.083
P07195;1.083
O00267;1.081
P39023;1.081
P39023;1.081
P31943|P55795;1.080
P31943|P55795;1.080
Q16576|Q09028;1.078
Q16576|Q09028;1.078
Q16576|Q09028;1.078
P11142;1.078
P11142;1.078
P11142;1.078
P05387;1.078
P05387;1.078
Q08211;1.077
P04406;1.076
P04406;1.076
Q9BRA2;1.076
Q9BRA2;1.076
Q9Y520;1.076
Q9Y520;1.076
P62249;1.076
P62249;1.076
P62249;1.076
P62318;1.075
P62318;1.075
P62318;1.075
P62318;1.075
P62318;1.075
Q08211;1.075
Q08211;1.075
Q08211;1.075
Q13136;1.075
Q13136;1.075
Q13136;1.075
Q13136;1.075
P30040;1.074
P30040;1.074
Q13885|Q9BVA1|Q13509|P04350|P68371|P07437;1.073
Q13885|Q9BVA1|Q13509|P04350|P68371|P07437;1.073
Q13885|Q9BVA1|Q13509|P04350|P68371|P07437;1.073
P14618;1.073
P14618;1.073
P14618;1.073
P46779;1.072
P46779;1.072
Q9HDC5;1.072
Q9HDC5;1.072
Q9HDC5;1.072
P09429;1.072
P62807|P58876|Q93079|O60814|Q99880|Q99879|Q99877|Q5QNW6|P57053;1.072
P62807|P58876|Q93079|O60814|Q99880|Q99879|Q99877|Q5QNW6|P57053;1.072
P83731;1.071
P83731;1.071
P30101;1.071
P52272;1.071
P20671|Q96KK5|Q99878|P0C0S8|Q6FI13|Q16777|Q9BTM1;1.070
P20671|Q96KK5|Q99878|P0C0S8|Q6FI13|Q16777|Q9BTM1;1.070
P20671|Q96KK5|Q99878|P0C0S8|Q6FI13|Q16777|Q9BTM1;1.070
P04406;1.070
P04406;1.070
P04406;1.070
P10809;1.070
P10809;1.070
Q9HDC5;1.069
Q9HDC5;1.069
Q9HDC5;1.069
P62081;1.069
Q9HDC5;1.068
Q9HDC5;1.068
Q9HDC5;1.068
Q06210;1.068
P83731;1.068
P83731;1.068
Q08945;1.067
Q08945;1.067
Q08945;1.067
Q9NQR1;1.066
Q9NQR1;1.066
Q9NQR1;1.066
Q9NQR1;1.066
P11142;1.066
P11142;1.066
Q08211;1.065
Q08211;1.065
P52272;1.065
P04075|P09972|P05062;1.065
Q96PE3;1.064
P31943|P55795;1.064
P60174;1.064
P50990;1.064
P50990;1.064
P50990;1.064
Q9H6A9;1.063
Q9H6A9;1.063
P62269;1.063
Q71U36|Q9BQE3|Q13748|Q6PEY2|Q9NY65;1.063
Q9H2G2;1.063
Q9H2G2;1.063
P11142;1.062
P11142;1.062
P36542;1.062
Q8WUY9;1.062
P39023;1.061
O00148|Q13838;1.060
P05387;1.060
P78417;1.059
P78417;1.059
P78417;1.059
Q00839;1.059
Q00839;1.059
Q00839;1.059
P30101;1.058
P30101;1.058
O00154;1.057
O00154;1.057
P53396;1.057
P49773;1.056
Q9NQR1;1.056
Q9NQR1;1.056
Q9NQR1;1.056
Q9NQR1;1.056
Q9NQR1;1.056
Q14103;1.055
Q14103;1.055
Q14103;1.055
P07900|Q58FG1;1.054
Q13136;1.053
P04075;1.052
P04075;1.052
P62937;1.052
P62937;1.052
P21333|O75369|Q14315;1.052
P09543;1.052
P49207;1.052
P45880;1.051
P45880;1.051
O00148|Q13838;1.051
O00148|Q13838;1.051
Q13838;1.051
P68104|Q5VTE0;1.051
P62937;1.051
O95232;1.050
O95232;1.050
O00148|Q13838;1.050
O00148|Q13838;1.050
Q58FF8|P08238;1.050
P62937;1.049
Q96T37;1.049
Q96T37;1.049
P62937;1.048
P62937;1.048
P62937;1.048
Q99729;1.047
Q99729;1.047
Q99729;1.047
P78417;1.046
P78417;1.046
Q71U36|Q9BQE3|Q13748|Q6PEY2|Q9NY65;1.046
O95747;1.046
O95747;1.046
O95747;1.046
Q9UHX1;1.045
Q9UHX1;1.045
Q9HD33;1.044
P26583;1.043
P26583;1.043
P26583;1.043
P13796|P13797;1.042
P13796|P13797;1.042
P13796|P13797;1.042
P53634;1.042
Q9HDC5;1.042
Q9HDC5;1.042
Q9HDC5;1.042
Q9NYU2;1.041
P30050;1.041
P30050;1.041
P04406;1.039
P04406;1.039
P04406;1.039
P13796|P13797;1.039
P13796|P13797;1.039
P62805;1.038
P62805;1.038
P49368;1.038
P29401;1.037
Q16695|P68431|Q71DI3|P84243|Q6NXT2;1.037
Q16695|P68431|Q71DI3|P84243|Q6NXT2;1.037
Q16695|P68431|Q71DI3|P84243|Q6NXT2;1.037
P13796|P13797;1.037
P13796|P13797;1.037
P13796|P13797;1.037
P31948;1.036
P31948;1.036
P31948;1.036
P62263;1.036
P62263;1.036
Q14566;1.035
Q14566;1.035
P78417;1.035
P30153;1.035
P47755|P52907;1.034
P04406;1.034
P04406;1.034
P04406;1.034
P04406;1.034
P05387;1.033
Q71U36|Q9BQE3|Q13748|Q6PEY2|Q9NY65;1.033
Q71U36|Q9BQE3|Q13748|Q6PEY2|Q9NY65;1.033
P68104|Q5VTE0;1.033
P16150;1.032
Q9NQR1;1.031
Q9NQR1;1.031
Q9NQR1;1.031
P16150;1.031
P16150;1.031
P16150;1.031
P26583;1.030
P26583;1.030
P22314;1.030
Q9Y4L1;1.030
Q9Y4L1;1.030
Q8WWI1;1.029
P17987;1.029
P49368;1.028
P50991;1.028
P21796;1.028
P0CW22;1.028
P22392|O60361;1.027
Q14865;1.026
Q14865;1.026
Q14865;1.026
Q13885|Q9BVA1|Q13509|P04350|P68371|P07437;1.026
P50502|Q8IZP2|Q8NFI4;1.025
P62937;1.025
P62937;1.025
P07195;1.024
P07195;1.024
P25054;1.024
Q8TAP6;1.024
Q8TAP6;1.024
P61586|P62745|P08134;1.023
P61586|P62745|P08134;1.023
P61586|P62745|P08134;1.023
O15371;1.023
P15882;1.023
P15882;1.023
Q32P51|P09651|P51991;1.022
Q32P51|P09651|P51991;1.022
Q32P51|P09651|P51991;1.022
P60866;1.022
P60866;1.022
P60866;1.022
Q9HD33;1.020
Q86X02;1.020
Q8NHW5|P05388;1.020
P0CW22;1.019
P0CW22;1.019
P0CW22;1.019
P62318;1.019
P62318;1.019
P62318;1.019
Q8WWI1;1.019
P09661;1.018
P09661;1.018
P09661;1.018
Q5T4S7;1.017
P16150;1.017
P16150;1.017
P16150;1.017
P10599;1.017
P21333|O75369;1.017
P21333|O75369;1.017
P05386;1.017
P05386;1.017
P35268;1.017
P62244;1.017
P62244;1.017
P62244;1.017
P10809;1.016
P10809;1.016
P10809;1.016
P00338;1.016
Q16576|Q09028;1.015
Q16576|Q09028;1.015
Q16576|Q09028;1.015
Q9Y520;1.015
P21796;1.014
P21796;1.014
P21796;1.014
P00558|P07205;1.014
P00558|P07205;1.014
P07237;1.014
P07237;1.014
P09211;1.013
P62249;1.013
P62249;1.013
P62249;1.013
P09211;1.012
P09211;1.012
P31948;1.012
P31948;1.012
P31948;1.012
P62701|P22090;1.011
Q02543;1.011
P18077;1.010
P18077;1.010
P09543;1.010
P09543;1.010
P40227|Q92526;1.009
P62195;1.009
P50991;1.008
P50991;1.008
P09211;1.007
P04406;1.007
P04406;1.007
P04406;1.007
P04406;1.007
P62807|P58876|Q93079|O60814|Q99880|Q99879|Q99877|Q5QNW6|P57053;1.007
P62807|P58876|Q93079|O60814|Q99880|Q99879|Q99877|Q5QNW6|P57053;1.007
P62807|P58876|Q93079|O60814|Q99880|Q99879|Q99877|Q5QNW6|P57053;1.007
P62807|P58876|Q93079|O60814|Q99880|Q99879|Q99877|Q5QNW6|P57053;1.007
P15311;1.006
P15311;1.006
P15311;1.006
O95232;1.006
O95232;1.006
Q96EP5;1.004
P62753;1.003
P25705;1.002
P06733;1.002
P62318;1.002
P05386;1.002
P05386;1.002
P05386;1.002
Q16555;1.002
P33992;1.002
P22314;1.001
Q99729;1.001
Q99729;1.001
Q99729;1.001
P21796;1.001
P21796;1.001
P21796;1.001
P11142;1.000
P11142;1.000
P11142;1.000
O15145;0.999
O15145;0.999
P00441;0.997
P00441;0.997
O75534;0.997
P62266;0.996
P62266;0.996
P62266;0.996
P48735;0.996
P31939;0.996
P31939;0.996
P07737;0.996
Q13765|Q9BZK3;0.996
P09661;0.996
P09661;0.996
P16150;0.995
Q15428;0.995
Q15428;0.995
P33778|P06899|P23527|Q16778|Q8N257|Q6DN03|Q6DRA6;0.995
P33778|P06899|P23527|Q16778|Q8N257|Q6DN03|Q6DRA6;0.995
P33778|P06899|P23527|Q16778|Q8N257|Q6DN03|Q6DRA6;0.995
P27797;0.994
P27797;0.994
P27797;0.994
P26038;0.994
P26038;0.994
P26038;0.994
P06748;0.994
P06748;0.994
P06748;0.994
Q96PE3;0.994
Q32P51|P09651|P51991;0.993
Q32P51|P09651|P51991;0.993
Q32P51|P09651|P51991;0.993
Q32P51|P09651|P51991;0.993
P33992;0.993
P33992;0.993
Q13838;0.992
Q14103;0.991
Q14103;0.991
Q14103;0.991
P52566;0.991
P52566;0.991
P52566;0.991
P11142;0.990
P11142;0.990
P11142;0.990
Q15428;0.990
P62937;0.990
P10599;0.989
P07195;0.989
Q14566;0.989
Q14566;0.989
Q14566;0.989
P51665;0.988
P06748;0.988
P06748;0.988
P06748;0.988
P49368;0.988
P60174;0.987
P60174;0.987
P60174;0.987
Q92879|O95319;0.987
P06733;0.987
P06733;0.987
Q969T9;0.986
Q32P51|P09651;0.986
Q32P51|P09651;0.986
Q32P51|P09651;0.986
P00338;0.986
P00338;0.986
Q16666;0.986
Q15366;0.985
Q15366;0.985
Q15366;0.985
Q32P51|P09651|P51991;0.984
Q32P51|P09651|P51991;0.984
Q32P51|P09651|P51991;0.984
P04406;0.983
P04406;0.983
P04406;0.983
P04406;0.983
P61353;0.983
P61353;0.983
P61353;0.983
P07737;0.982
Q16576|Q09028;0.982
Q16576|Q09028;0.982
Q16576|Q09028;0.982
P63241|Q9GZV4|Q6IS14;0.982
P63241|Q9GZV4|Q6IS14;0.982
P16150;0.981
P12235|P12236|P05141;0.981
P12235|P12236|P05141;0.981
P12235|P12236|P05141;0.981
P21796;0.981
P21796;0.981
P21796;0.981
P62263;0.981
P22234;0.980
P22234;0.980
P22234;0.980
Q32P51|P09651;0.978
Q32P51|P09651;0.978
Q32P51|P09651;0.978
P33778|P06899|P23527|Q16778|Q8N257|Q6DN03|Q6DRA6;0.978
P33778|P06899|P23527|Q16778|Q8N257|Q6DN03|Q6DRA6;0.978
P33778|P06899|P23527|Q16778|Q8N257|Q6DN03|Q6DRA6;0.978
P15311;0.977
P15311;0.977
Q15233;0.977
Q99729;0.976
Q99729;0.976
Q99729;0.976
P21333|O75369;0.976
P21333|O75369;0.976
Q9P258;0.976
Q9P258;0.976
Q9P258;0.976
Q9Y520;0.976
P14618;0.976
P14618;0.976
P14618;0.976
P26373;0.976
P26373;0.976
Q58FF7|P08238;0.976
Q14722|Q13303;0.975
Q14722|Q13303;0.975
Q14722|Q13303;0.975
P30101;0.975
P30101;0.975
P52272;0.975
P52272;0.975
P52272;0.975
P26373;0.974
P26373;0.974
P26373;0.974
P26373;0.974
Q9BUJ2;0.974
P00338;0.973
P00338;0.973
P00338;0.973
Q15366;0.972
Q15366;0.972
Q15366;0.972
P36542;0.972
P14618|P30613;0.971
P14618|P30613;0.971
P14618|P30613;0.971
P17987;0.971
Q32P51|P09651|P51991;0.969
Q32P51|P09651|P51991;0.969
Q32P51|P09651|P51991;0.969
P33991;0.969
Q13885|Q9BVA1|Q13509|P04350|P68371|P07437;0.968
Q13885|Q9BVA1|Q13509|P04350|P68371|P07437;0.968
P38646;0.968
Q15717;0.967
Q15717;0.967
O95983;0.967
O95983;0.967
P16949;0.967
P61247;0.966
P61247;0.966
O75558;0.965
O75558;0.965
P62805;0.964
P62805;0.964
P62805;0.964
P61247;0.964
P61247;0.964
P61247;0.964
P40227;0.964
P40227;0.964
P0CW22;0.964
P0CW22;0.964
P0CW22;0.964
Q9Y3U8;0.963
P40227;0.963
P21796;0.963
Q59GN2|P62891;0.963
P45880;0.962
P45880;0.962
P62277;0.962
P62277;0.962
Q32P51|P09651;0.961
Q32P51|P09651;0.961
Q32P51|P09651;0.961
P11142;0.961
Q16695|P68431|Q71DI3|P84243|Q6NXT2;0.961
Q16695|P68431|Q71DI3|P84243|Q6NXT2;0.961
Q16695|P68431|Q71DI3|P84243|Q6NXT2;0.961
Q16695|P68431|Q71DI3|P84243|Q6NXT2;0.961
Q16695|P68431|Q71DI3|P84243|Q6NXT2;0.961
P46779;0.960
P46779;0.960
P46779;0.960
O95747;0.960
O95747;0.960
Q9UKD2;0.959
Q9UKD2;0.959
Q9H3P7;0.959
P09429;0.959
Q16666;0.959
P62266;0.958
P62266;0.958
P62266;0.958
Q9Y520;0.957
Q9Y520;0.957
Q9Y520;0.957
P50502|Q8IZP2|Q8NFI4;0.957
P35579;0.957
P35579;0.957
Q92688;0.956
P68104|Q5VTE0;0.954
P18669|P15259;0.954
P62249;0.954
P32969;0.953
P49368;0.953
P26583;0.953
P26583;0.953
P26583;0.953
Q9Y4L1;0.952
P20700;0.952
P20700;0.952
P20700;0.952
Q9BRG1;0.951
Q9BRG1;0.951
P50991;0.950
P62244;0.950
P62244;0.950
P62244;0.950
P14618|P30613;0.950
P14618|P30613;0.950
P07195;0.950
P07195;0.950
P26038;0.950
P26038;0.950
P26038;0.950
P20700;0.949
P20700;0.949
P49321;0.949
P43243;0.948
Q7L1Q6|Q9Y6E2;0.946
Q7L1Q6|Q9Y6E2;0.946
Q9BRG1;0.946
Q9BRG1;0.946
Q9BRG1;0.946
Q32P51|P09651|P51991;0.946
Q32P51|P09651|P51991;0.946
Q32P51|P09651|P51991;0.946
P60866;0.945
P60866;0.945
P47974;0.943
P00558|P07205;0.942
P00558|P07205;0.942
P00558|P07205;0.942
P07195;0.942
P07195;0.942
P07195;0.942
P04075;0.942
P04075;0.942
P20671|Q96KK5|Q99878|P0C0S8|Q6FI13|Q16777|Q9BTM1;0.942
P20671|Q96KK5|Q99878|P0C0S8|Q6FI13|Q16777|Q9BTM1;0.942
P30050;0.942
Q9Y4F9;0.941
Q9Y4F9;0.941
P04406;0.941
P04406;0.941
P62081;0.941
P62081;0.941
P62081;0.941
O15145;0.941
O15145;0.941
P26373;0.941
P26373;0.941
P26373;0.941
P36578;0.940
P33778|P06899|P23527|Q16778|Q8N257|Q6DN03|Q6DRA6;0.940
P33778|P06899|P23527|Q16778|Q8N257|Q6DN03|Q6DRA6;0.940
P33778|P06899|P23527|Q16778|Q8N257|Q6DN03|Q6DRA6;0.940
P33778|P06899|P23527|Q16778|Q8N257|Q6DN03|Q6DRA6;0.940
Q13885|Q9BVA1|Q13509|P04350|P68371|P07437;0.940
P60520;0.940
P15311;0.939
P15311;0.939
P07237;0.939
P07237;0.939
P07237;0.939
Q06210;0.939
Q06210;0.939
Q99729;0.938
Q99729;0.938
Q99729;0.938
Q00839;0.938
Q15428;0.937
P18077;0.937
P18077;0.937
P62269;0.936
P11142;0.934
P11142;0.934
P62277;0.934
P62277;0.934
P62277;0.934
P17812;0.934
P26373;0.933
P14618|P30613;0.933
P14618|P30613;0.933
P14618|P30613;0.933
P21333|O75369;0.932
P08238;0.932
P36542;0.932
P18621;0.931
P12235|P12236|P05141;0.931
P12235|P12236|P05141;0.931
Q14566;0.930
Q14566;0.930
P38919;0.930
P62906;0.929
P62266;0.928
P62266;0.928
P24534;0.928
P24534;0.928
P24534;0.928
Q9H2U2;0.928
P43243;0.928
P43243;0.928
Q8WWI1;0.927
Q13885|Q9BVA1|Q13509|P04350|P68371|P07437;0.926
P18124;0.926
Q32P51|P09651|P51991;0.924
Q32P51|P09651|P51991;0.924
Q32P51|P09651|P51991;0.924
P50990;0.923
P50990;0.923
P50990;0.923
Q00839;0.923
Q00839;0.923
P06748;0.922
P06748;0.922
P06748;0.922
Q5T4S7;0.921
P63241|Q9GZV4|Q6IS14;0.921
P63241|Q9GZV4|Q6IS14;0.921
P18077;0.920
P18077;0.920
P18077;0.920
P0CW22;0.920
P29401;0.919
P62993;0.918
P62993;0.918
P62993;0.918
Q8WUY9;0.917
Q8WUY9;0.917
P20671|Q96KK5|Q99878|P0C0S8|Q6FI13|Q16777|Q9BTM1;0.917
P20671|Q96KK5|Q99878|P0C0S8|Q6FI13|Q16777|Q9BTM1;0.917
P20671|Q96KK5|Q99878|P0C0S8|Q6FI13|Q16777|Q9BTM1;0.917
P62266;0.917
P42766;0.916
P32969;0.916
P32969;0.916
P32969;0.916
Q9Y520;0.915
Q99613;0.915
Q99613;0.915
Q8NHW5|P05388;0.914
Q8NHW5|P05388;0.914
Q8NHW5|P05388;0.914
Q71UI9|P0C0S5;0.914
P07195;0.914
P07195;0.914
Q9BRG1;0.912
Q9BRG1;0.912
Q9BRG1;0.912
P49368;0.911
Q92879|O95319;0.910
Q86X02;0.907
Q9HD33;0.906
Q9HD33;0.906
P26599;0.906
P61353;0.906
P61353;0.906
P61353;0.906
P06730;0.905
P06730;0.905
P46778;0.905
P46778;0.905
O00267;0.905
Q9Y266;0.905
P18621;0.905
P18621;0.905
P18621;0.905
P62701;0.905
Q5T4S7;0.904
P61247;0.904
Q9Y490;0.904
P62701;0.903
P61247;0.903
P61247;0.903
P62851;0.903
P62851;0.903
P62851;0.903
Q08211;0.899
Q08211;0.899
P62269;0.897
P62805;0.896
P62805;0.896
P18077;0.896
P18077;0.896
P16150;0.896
P16150;0.896
P16150;0.896
P49368;0.896
Q9Y520;0.896
P62277;0.895
P62277;0.895
P62277;0.895
Q9Y520;0.895
Q9Y520;0.895
Q9Y520;0.895
P63244;0.895
P63244;0.895
Q01105;0.894
P49207;0.893
P63220;0.893
Q96EP5;0.892
Q96EP5;0.892
Q96EP5;0.892
P83731;0.891
P62266;0.891
Q15233;0.890
Q14566;0.889
Q14566;0.889
Q14566;0.889
Q14566;0.889
Q14566;0.889
Q99832;0.889
P36578;0.888
P36578;0.888
P50990;0.887
P50990;0.887
Q58FF7|P08238;0.886
Q58FF7|P08238;0.886
O15145;0.886
P37108;0.885
P62269;0.885
P62269;0.885
Q9Y520;0.884
P15311;0.883
P15311;0.883
P15311;0.883
P18077;0.882
P18077;0.882
P18077;0.882
P06730;0.882
Q99729;0.881
Q99729;0.881
Q01105;0.880
P62917;0.879
P62917;0.879
Q92688;0.877
P15311;0.877
P15311;0.877
P15311;0.877
Q9Y520;0.876
Q9Y520;0.876
P16150;0.876
P63173;0.876
P43243;0.874
P31948;0.874
P00441;0.873
P00441;0.873
Q9Y520;0.873
Q06323;0.871
Q06323;0.871
Q06323;0.871
O75558;0.871
Q9BRG1;0.871
Q9BRG1;0.871
Q9UHX1;0.871
P62899;0.871
P18621;0.868
P18621;0.868
P18621;0.868
Q16666;0.866
Q16666;0.866
P36578;0.865
Q06323;0.865
Q06323;0.865
P61247;0.864
P61247;0.864
O14979;0.862
P52566;0.862
P52566;0.862
P52566;0.862
P46778;0.861
P62993;0.860
P62993;0.860
P62993;0.860
Q9Y520;0.860
Q9Y520;0.860
Q9Y520;0.860
P62701;0.859
P63220;0.858
P62993;0.858
P62993;0.858
P62993;0.858
P06730;0.856
Q6GYQ0;0.855
P26373;0.855
P26373;0.855
O15145;0.855
P0CW22;0.852
P0CW22;0.852
Q16695|P68431|Q71DI3|P84243|Q6NXT2;0.852
Q16695|P68431|Q71DI3|P84243|Q6NXT2;0.852
Q16695|P68431|Q71DI3|P84243|Q6NXT2;0.852
Q16695|P68431|Q71DI3|P84243|Q6NXT2;0.852
P46778;0.851
P46778;0.851
Q8WYP5;0.847
P23246;0.847
P23246;0.847
Q7L1Q6|Q9Y6E2;0.847
Q7L1Q6|Q9Y6E2;0.847
P16150;0.846
P16150;0.846
P52566;0.846
P18077;0.845
O75558;0.844
Q969H8;0.843
Q969H8;0.843
P46779;0.842
P46779;0.842
Q99490;0.842
P49207;0.841
P42766;0.841
Q15366;0.840
Q15366;0.840
P62888;0.839
Q7L1Q6|Q9Y6E2;0.839
Q7L1Q6|Q9Y6E2;0.839
Q7L1Q6|Q9Y6E2;0.839
Q02543;0.838
Q02543;0.838
Q02543;0.838
Q02543;0.838
Q02543;0.838
P31939;0.835
Q00839;0.834
Q00839;0.834
P16949;0.833
P16949;0.833
Q16695|P68431|Q71DI3|P84243|Q6NXT2;0.833
Q16695|P68431|Q71DI3|P84243|Q6NXT2;0.833
P49207;0.832
P49207;0.832
P10412|P16403|P16402;0.830
Q5XKK7;0.824
Q9NR30;0.823
Q9NR30;0.823
Q9NR30;0.823
Q16695|P68431|Q71DI3|P84243|Q6NXT2;0.821
Q16695|P68431|Q71DI3|P84243|Q6NXT2;0.821
Q16695|P68431|Q71DI3|P84243|Q6NXT2;0.821
P23246;0.821
P23246;0.821
P15880;0.820
O75558;0.816
O75558;0.816
Q13885|Q9BVA1|Q13509|P04350|P68371|P07437;0.816
P37108;0.816
P62269;0.815
P62269;0.815
P09543;0.815
Q8TAP6;0.815
P61247;0.814
P61247;0.814
P61247;0.814
Q9BRG1;0.810
P62701|P22090|Q8TD47;0.807
P62829;0.807
P62829;0.807
Q6GYQ0;0.806
Q99497;0.802
Q5XKK7;0.800
P00558;0.799
Q9H2U2;0.799
P06730;0.798
P06730;0.798
P68104|Q5VTE0|Q05639;0.798
P62244;0.798
P04075|P09972|P05062;0.797
P68104|Q5VTE0|Q05639;0.795
P68104|Q5VTE0|Q05639;0.795
P68104|Q5VTE0|Q05639;0.795
P61927;0.794
P83731;0.794
P83731;0.794
P83731;0.794
P0CW22;0.794
Q5VZ89;0.791
P62249;0.790
P61586|P62745|P08134;0.786
P46778;0.785
P46778;0.785
P46778;0.785
P16949;0.783
P23246;0.781
P23246;0.781
O75558;0.775
O75558;0.775
Q58FF7|P08238;0.775
P49207;0.772
P0CW22;0.769
P62805;0.768
P62805;0.768
P62805;0.768
P00558;0.767
P00558;0.767
P38919;0.765
P38919;0.765
P62906;0.760
P62906;0.760
P62906;0.760
P12235|P12236|P05141;0.758
P12235|P12236|P05141;0.758
Q71UI9|P0C0S5;0.757
Q71UI9|P0C0S5;0.757
Q71UI9|P0C0S5;0.757
Q8WWP7;0.757
Q8WWP7;0.757
Q8WWP7;0.757
P62805;0.753
P62805;0.753
P62805;0.753
P62805;0.753
Q13557;0.753
P68104|Q5VTE0|Q05639;0.752
P68104|Q5VTE0|Q05639;0.752
P68104|Q5VTE0|Q05639;0.752
P62888;0.752
P62888;0.752
P33991;0.750
Q71UI9|P0C0S5;0.749
Q71UI9|P0C0S5;0.749
Q71UI9|P0C0S5;0.749
P83731;0.749
P00558;0.749
P17812;0.748
P62805;0.748
P62805;0.748
P62805;0.748
P62805;0.748
P68104|Q5VTE0|Q05639;0.746
P68104|Q5VTE0|Q05639;0.746
P68104|Q5VTE0|Q05639;0.746
P62266;0.741
P30086;0.740
Q16695|P68431|Q71DI3|P84243|Q6NXT2;0.738
Q16695|P68431|Q71DI3|P84243|Q6NXT2;0.738
Q16695|P68431|Q71DI3|P84243|Q6NXT2;0.738
P08238;0.733
P08238;0.733
P62805;0.733
P62805;0.733
O75558;0.732
Q02543;0.731
Q02543;0.731
Q02543;0.731
P16949;0.726
P16949;0.726
P16949;0.726
P04075;0.722
P04075;0.722
P08238;0.721
Q16695|P68431|Q71DI3|P84243|Q6NXT2;0.721
Q16695|P68431|Q71DI3|P84243|Q6NXT2;0.721
O95983;0.715
O95983;0.715
P16949;0.713
P16949;0.713
P08238;0.711
P08238;0.711
P16401;0.705
P16401;0.705
P16401;0.705
Q13557;0.701
P62888;0.693
P62888;0.693
P50395|P31150;0.685
P83731;0.683
P83731;0.683
O43414;0.681
Q15717;0.672
P08238;0.672
Q9HDC5;0.670
Q9UKJ3;0.668
P62906;0.665
P62906;0.665
P16401;0.658
P16401;0.651
P16401;0.651
P16401;0.651
P62701;0.651
Q8WUM9;0.648
P61353;0.632
P42858;0.630
Q9NYV4;0.628
Q9NYV4;0.628
P16150;0.627
P16150;0.627
P33527;0.616
O75558;0.615
P33527;0.613
P33527;0.611
P26368;0.602
Q5VZ89;0.578
Q9UKJ3;0.573
Q07020;0.570
P47897;0.560
P47897;0.560
P10412|P16403|P16402;0.558
P42766;0.557
P16150;0.554
P16150;0.554
P16150;0.554
P16401;0.549
P16401;0.549
P62829;0.536
P27816;0.523
P16401;0.500
P16401;0.500
P16401;0.500
P84090;0.487
Q07020;0.472
Q07020;0.465
Q07020;0.465
P42167;0.458
Q9Y262;0.457
P33527;0.445
P08621;0.445
O60293;0.402
Q7Z5K2;0.391
Q7Z333;0.388
P42167;0.379
Q9NQR1;0.362
P36578;0.336
P83731;0.334
Q5XKK7;0.195
O95983;0.158
Q13370;0.138
Q13370;0.138
Q13370;0.138
Q16695|P68431|Q71DI3|P84243|Q6NXT2;0.051