Protein Group Accessions;Heavy/Light
Q5VT52;100.000
Q5VT52;100.000
P62258;95.536
Q09161;81.493
Q8NG31;74.263
Q8NG31;74.263
Q8NG31;74.263
Q03188;52.305
Q9H307;44.961
Q9H4L7;44.087
Q9H4L7;44.087
Q9UGN5;40.694
P15056;39.790
Q8IX01;37.491
O43768;37.043
O43768;37.043
O43768;37.043
O43768;37.043
O43768;37.043
O43768;37.043
P16403;30.271
Q13370;29.930
Q13370;29.930
P21333;27.563
Q8IX01;27.115
Q14980;26.943
Q6ULP2;25.290
Q6ULP2;25.290
Q8NG31;25.020
Q8NG31;25.020
P31946|Q04917|P61981;24.432
Q8NG31;23.848
Q8NG31;23.848
Q14676;22.971
Q13049;22.291
Q13049;22.291
Q8NG31;22.047
Q9NPI6;21.969
Q13049;21.681
Q13049;21.681
Q13049;21.681
P63104;21.491
Q8IYW5;21.394
O43768;21.361
O43768;21.361
O43768;21.361
Q8WWI1;21.248
Q13049;20.928
Q13049;20.928
Q09161;20.781
Q09161;20.781
Q09161;20.781
Q5UIP0;20.775
Q86U86;20.433
Q14980;18.276
Q09161;17.984
Q09161;17.984
Q15052;17.853
Q6WKZ4;17.414
O43768;17.279
O43768;17.279
P55201;17.253
Q9UKV3;17.182
Q9UKV3;17.027
Q9UKV3;17.027
Q6ULP2;16.199
Q9UKV3;15.848
O75132;15.749
P63104;15.706
Q9UKV3;15.265
Q9H4L7;15.182
Q9H4L7;15.182
P21333;15.056
Q9UKV3;14.634
Q9UKV3;14.572
Q9UKV3;14.572
Q15052;14.475
Q9NSK0;13.988
Q6ULP2;13.603
Q9BW61;13.471
Q9BW61;13.471
Q15052;13.469
O75152;13.400
Q8IYW5;13.134
Q15052;13.101
Q15052;13.101
P62753;13.098
P62753;13.098
Q9BW61;12.900
Q9BW61;12.900
Q7Z628;12.840
Q9H0B6;12.783
Q9H0B6;12.783
P62753;12.662
P62753;12.662
Q15052;12.618
O00115;12.598
P62753;12.502
Q9Y4K4;12.296
P62753;12.291
P62753;12.291
Q9UKV3;11.927
Q9UKV3;11.927
O75152;11.901
Q15052;11.799
P04049;11.767
Q8NG31;11.691
Q8NG31;11.691
O75369;11.665
Q14669;11.583
P55201;11.570
Q13370;11.544
Q9BW61;11.457
Q9BW61;11.457
Q8NG31;11.372
Q8NG31;11.372
Q8NG31;11.372
Q8NG31;11.372
Q8NG31;11.372
Q8NG31;11.372
Q8NG31;11.340
Q8NG31;11.340
Q8NG31;11.340
Q8NG31;11.340
Q5T200;11.338
Q9BW61;11.265
Q5K651;11.180
P46013;11.131
Q9BW61;11.126
Q9BW61;11.126
Q9Y2K2;11.124
Q15052;11.031
Q15052;11.031
Q5T200;10.706
Q9Y4K4;10.689
Q9NSK0;10.685
Q9NSK0;10.685
Q9NSK0;10.649
Q9NSK0;10.649
Q14980;10.260
Q14980;10.260
O43166;10.079
O43166;10.079
O43166;10.079
O43166;10.079
P11717;10.054
Q14980;9.866
Q14980;9.866
Q9NXR1;9.845
Q9NXR1;9.845
P25440;9.784
P25440;9.784
Q9NSK0;9.779
O43768;9.715
O43768;9.715
O43768;9.715
O43768;9.715
Q15052;9.660
Q9NXR1;9.652
Q9NXR1;9.634
P39748;9.603
P39748;9.603
P21333;9.549
Q9H0B6;9.520
Q9H0B6;9.520
Q14191;9.455
Q14191;9.455
Q7Z628;9.431
P21333;9.377
P21333;9.377
Q92609;9.310
Q14980;9.309
O94830;9.273
O94830;9.273
Q9H307;9.153
Q9NSK0;9.017
O94830;9.003
O94830;9.003
Q92609;9.001
P55201;8.954
Q9NXR1;8.842
O14618;8.806
Q92609;8.788
Q92609;8.788
O60927;8.766
Q03188;8.763
P04049;8.733
P04049;8.733
Q86V48;8.720
Q86V48;8.720
Q9NXR1;8.525
Q9NPH3;8.516
P21333;8.480
O60293;8.345
O60293;8.345
O43768;8.321
O43768;8.321
O43768;8.321
O43768;8.321
O43768;8.321
O43768;8.321
P62753;8.307
P62753;8.277
Q14191;8.235
Q14191;8.235
O43768;8.177
O43768;8.177
O43768;8.177
O43768;8.177
P21333;8.162
Q86V48;8.138
Q86V48;8.138
P62753;8.128
P62753;8.128
Q8N0Z3;8.112
Q9NXR1;8.025
Q9NXR1;8.025
Q7Z5R6;8.015
P55201;7.882
P55201;7.882
P55201;7.882
O60927;7.846
O60293;7.801
O60293;7.801
O60293;7.801
Q86V48;7.793
Q86V48;7.793
Q9H4A3;7.788
Q9H4A3;7.788
Q9NSK0;7.780
Q9NSK0;7.780
Q14669;7.779
Q14669;7.779
Q14669;7.779
P21333;7.713
O60927;7.667
P62753;7.626
P62753;7.626
O94830;7.617
O94830;7.617
P62753;7.560
P62753;7.420
P62753;7.420
P62753;7.420
P25440;7.407
Q4LE39;7.374
P15056;7.278
P21333;7.258
Q4LE39;7.238
Q4LE39;7.238
Q4LE39;7.238
Q4LE39;7.238
O94830;7.215
O94830;7.215
P42167;7.156
O75152;7.130
O75152;7.130
O75152;7.130
P21333;7.106
P25205;7.058
Q9BYW2;7.049
P46013;7.015
O75152;6.977
O75152;6.977
Q8NFC6;6.901
Q9H307;6.888
P54198;6.829
Q6WKZ4;6.810
Q6WKZ4;6.810
O75152;6.805
O75152;6.805
O75152;6.805
O75152;6.805
Q13045;6.749
Q9C086;6.721
P25205;6.718
P62753;6.672
Q7KZI7;6.647
Q9H0B6;6.645
O60293;6.623
O60293;6.623
O60293;6.623
O75152;6.621
O43166;6.595
Q92576;6.592
Q86V48;6.549
O75132;6.544
O60293;6.527
Q7KZI7;6.524
Q13045;6.515
Q13045;6.515
Q86V48;6.445
Q6WKZ4;6.426
Q14669;6.399
Q14669;6.399
P21333;6.397
Q14669;6.391
Q69YH5;6.375
Q69YH5;6.375
Q69YH5;6.375
Q69YH5;6.348
Q69YH5;6.348
P21333;6.318
O75152;6.317
Q8NG31;6.314
P62753;6.284
P62753;6.284
Q16891;6.238
P46013;6.216
P46013;6.216
P46013;6.216
P62753;6.209
P21333;6.194
Q86V48;6.168
Q69YH5;6.165
Q86V48;6.146
Q86V48;6.146
Q86V48;6.146
Q86V48;6.146
Q8TBM8;6.145
P21333;6.141
Q15052;6.141
Q86V48;6.106
Q86V48;6.106
Q86V48;6.106
Q4LE39;6.072
Q4LE39;6.072
Q4LE39;6.072
O75152;6.070
Q86V48;6.040
Q14669;6.005
O60293;5.964
O60293;5.964
O60293;5.964
O60293;5.964
Q13045;5.891
O75369;5.882
Q9HC35;5.869
Q96Q45;5.863
Q8NFC6;5.853
Q9BTC0;5.775
O60293;5.773
O60293;5.773
O60293;5.773
Q9BSG1;5.755
Q14980;5.741
Q14980;5.721
Q9H4E7;5.715
Q86V48;5.701
Q86V48;5.701
Q86V48;5.701
Q86V48;5.701
Q86V48;5.692
P62753;5.603
P07195;5.569
Q9UK76;5.568
P25205;5.545
P25205;5.545
P25205;5.545
P25205;5.545
Q9NRH2;5.521
Q9BTC0;5.517
P56211;5.467
P56211;5.467
P25205;5.447
P25205;5.447
O15511;5.446
Q8NFC6;5.435
Q8NFC6;5.435
Q96KR1;5.431
P62753;5.414
Q5T5C0;5.412
O75116;5.304
Q9BSG1;5.282
Q6WKZ4;5.237
Q5THK1;5.235
Q5THK1;5.235
Q9H4A3;5.230
Q9H4A3;5.230
Q96HC4;5.209
Q9BTC0;5.172
Q9BTC0;5.156
Q69YH5;5.150
Q92576;5.140
Q92576;5.140
Q5UIP0;5.124
Q8NG31;5.111
Q8NG31;5.111
Q8NG31;5.111
Q92576;5.100
Q92576;5.100
Q92576;5.100
O75116;5.089
O43166;5.063
Q8NG31;5.058
Q8NG31;5.058
Q8NG31;5.058
P56211;5.050
P56211;5.050
P56211;5.050
Q5T200;5.026
Q5T200;5.026
Q92576;5.022
Q92576;5.022
Q96KR1;4.979
Q96KR1;4.979
O43166;4.945
Q15154;4.923
P56211;4.918
Q9UGN5;4.890
Q9H0X9;4.866
O43166;4.863
O43166;4.863
O43166;4.863
Q9HDC5;4.847
Q9HDC5;4.847
Q14149;4.828
Q8NG31;4.820
Q8NG31;4.820
Q8NG31;4.820
Q6WKZ4;4.797
Q9Y4K4;4.789
P11717;4.747
Q9UGN5;4.678
Q69YH5;4.607
Q5THK1;4.586
Q9Y2K2;4.561
Q96KR1;4.559
Q96KR1;4.559
Q69YH5;4.531
P62906;4.526
Q96KR1;4.496
Q96KR1;4.496
Q96KR1;4.496
P42167;4.479
Q6WKZ4;4.473
Q96KR1;4.455
O75116;4.452
Q6NT76;4.443
Q96S55;4.432
P56211;4.421
P56211;4.421
Q9BYW2;4.416
Q14738;4.407
Q14738;4.407
Q14738;4.407
Q7Z5R6;4.389
Q14149;4.340
P49207;4.337
Q7Z4V5;4.330
Q7Z4V5;4.330
Q14155;4.312
Q96Q45;4.295
Q9BSG1;4.264
Q92845;4.258
Q96Q45;4.248
Q96Q45;4.248
Q7LDG7;4.226
Q9H4A3;4.213
Q9H4A3;4.213
Q9UKJ3;4.177
P49207;4.155
Q9H0X9;4.122
O43295;4.112
Q9BYW2;4.094
Q96KR1;4.073
Q5T200;4.067
Q5T200;4.067
Q15154;4.062
Q7LDG7;4.054
Q5T200;4.047
Q5T200;4.047
P56211;4.031
P56211;4.031
Q14149;4.003
Q7Z4V5;3.999
O75995;3.998
O43166;3.990
O43166;3.990
O43166;3.990
O43166;3.990
P49207;3.969
Q9Y4B4;3.962
P49207;3.917
Q7Z4V5;3.903
Q7Z4V5;3.903
Q6WKZ4;3.884
P46013;3.858
O75116;3.834
Q7Z628;3.820
Q8NFC6;3.819
Q7Z4V5;3.784
Q7Z4V5;3.784
O75116;3.766
Q14155;3.758
Q7Z4V5;3.747
Q7Z4V5;3.747
O75116;3.728
A6NC98;3.716
A6NC98;3.716
A6NC98;3.716
A6NC98;3.716
P49207;3.674
Q14738;3.672
P07195;3.666
Q7LDG7;3.665
A6NC98;3.626
Q9UKJ3;3.619
Q9UKJ3;3.613
Q9UKJ3;3.606
Q12912;3.597
Q93009;3.568
P11717;3.563
P11717;3.563
P11717;3.563
Q9Y6M9;3.560
Q14155;3.559
Q14738;3.555
Q14738;3.555
Q9Y6M9;3.545
P13807;3.543
Q9H4E7;3.542
Q9H4E7;3.542
Q9UJU6;3.529
Q9UJU6;3.529
Q7Z4V5;3.526
P49207;3.517
P46776;3.515
Q9BQF6;3.491
Q9BQF6;3.491
Q9BQF6;3.491
P56211;3.491
P56211;3.491
P56211;3.491
P56211;3.491
P56211;3.491
P56211;3.491
P11717;3.486
P11717;3.486
A6NC98;3.459
A6NC98;3.459
A6NC98;3.459
A6NC98;3.459
Q8NDI1;3.453
A6NC98;3.440
A6NC98;3.440
P11717;3.439
P11717;3.439
P11717;3.439
Q9UJU6;3.435
Q14493;3.381
Q14493;3.381
Q92598;3.366
Q92598;3.366
P08579|P09012;3.361
A2RRP1;3.341
A2RRP1;3.341
P46778;3.324
Q15154;3.320
Q14686;3.306
P15056;3.303
O43166;3.292
O43166;3.292
A6NC98;3.290
O43166;3.289
O43166;3.289
O43166;3.289
O43166;3.289
O43166;3.289
P11717;3.281
Q9UKJ3;3.280
Q6WKZ4;3.273
P46013;3.258
P46013;3.258
Q14493;3.238
Q14493;3.238
P56211;3.238
P56211;3.238
P56211;3.238
P56211;3.238
P56211;3.238
Q13535;3.219
Q9UGN5;3.205
Q9UKJ3;3.204
Q6WKZ4;3.186
Q6WKZ4;3.186
Q14493;3.184
Q14493;3.184
Q14493;3.184
P11717;3.173
P11717;3.173
P11717;3.173
P67809|P16989|Q9Y2T7;3.168
P67809|P16989|Q9Y2T7;3.168
Q6WKZ4;3.165
Q96S55;3.159
Q96S55;3.159
Q9UKJ3;3.131
O75152;3.126
O75152;3.126
O75152;3.126
O75152;3.126
O43166;3.115
O43166;3.115
O43166;3.115
O43166;3.115
O43166;3.115
O43166;3.115
P46013;3.090
P46013;3.090
P46013;3.079
P46013;3.079
Q07020;3.078
Q7Z5R6;3.072
Q5T5C0;3.070
P15056;3.044
P51587;3.042
P51587;3.042
Q14493;3.036
O43166;3.036
O43166;3.036
O43166;3.036
O43166;3.036
O43166;3.036
O43166;3.036
O43166;3.036
O43166;3.036
P11717;3.029
Q9Y2X3;3.021
Q9NPH3;3.018
O75152;3.016
O75152;3.016
O75152;3.016
O75152;3.016
Q14686;2.991
O75152;2.980
O75152;2.980
O75152;2.980
O75152;2.980
O75152;2.980
O75152;2.980
Q9UK76;2.975
P46013;2.973
Q9UKJ3;2.969
Q9UKJ3;2.969
Q9UKJ3;2.969
Q6WKZ4;2.967
Q6WKZ4;2.967
Q14738;2.964
Q9NZJ0;2.954
P46013;2.948
Q6WKZ4;2.946
Q8NDI1;2.930
Q8NDI1;2.930
Q9UKJ3;2.924
P83731;2.913
P51587;2.902
Q9UKJ3;2.895
Q9UKJ3;2.895
Q9UKJ3;2.895
Q9UKJ3;2.895
P11717;2.893
P11717;2.893
Q5UIP0;2.889
O75995;2.888
P46013;2.887
P20700;2.886
Q6WKZ4;2.868
Q96S55;2.867
P15056;2.827
O15511;2.826
O15511;2.824
O15511;2.824
Q8NDI1;2.823
Q8NDI1;2.823
Q9UJU6;2.822
Q13535;2.815
P18846;2.810
Q92620;2.801
Q92620;2.801
Q9Y2X3;2.794
Q53EL6;2.790
Q14738;2.768
Q14738;2.768
Q9UKJ3;2.766
Q9UKJ3;2.766
Q9UKJ3;2.766
Q99549;2.764
Q9UK76;2.760
Q9UBP0;2.726
Q96S55;2.725
Q96S55;2.725
Q14493;2.720
Q14738;2.711
Q14738;2.711
P46013;2.695
Q13535;2.689
Q13535;2.689
A2RRP1;2.681
P27448;2.681
Q13535;2.679
Q9UGN5;2.675
Q9NZJ0;2.673
Q9NZJ0;2.673
O15511;2.672
P11717;2.669
P11717;2.669
Q9ULH0;2.667
Q9BQF6;2.661
Q9BQF6;2.661
Q9BQF6;2.661
Q9BQF6;2.661
Q9BQF6;2.661
Q96S55;2.652
Q96S55;2.652
Q96S55;2.652
O00115;2.648
P46013;2.647
P46013;2.647
O75367;2.629
P20700;2.625
Q9BQF6;2.622
Q9BQF6;2.622
Q9NZJ0;2.613
Q9NZJ0;2.613
Q9UBP0;2.598
Q9UBP0;2.598
Q13535;2.596
Q8TEU7;2.595
Q8TEU7;2.595
P46013;2.594
P46013;2.594
P46013;2.594
P46013;2.594
Q5T4S7;2.594
Q13535;2.592
Q13535;2.592
Q9UK76;2.581
P16220|Q03060;2.570
P16220|Q03060;2.570
Q99549;2.569
P35269;2.567
Q9NZJ0;2.566
Q9UK76;2.564
P46013;2.558
P46013;2.558
Q8TEU7;2.549
P16220|Q03060;2.534
Q9BSG1;2.529
Q9NZJ0;2.527
Q96S55;2.523
Q96S55;2.523
Q96S55;2.523
Q9H4E7;2.521
Q9H4E7;2.521
Q9H4E7;2.521
Q66K74;2.519
Q66K74;2.519
P48651;2.513
Q8TEU7;2.512
Q9UBP0;2.510
Q9UBP0;2.510
Q9H4E7;2.500
Q9H4E7;2.500
Q9NZJ0;2.496
P48651;2.480
Q00537;2.478
P0CAP2;2.467
P0CAP2;2.467
Q9UGN5;2.450
O14974;2.435
P46013;2.429
P46013;2.429
P62750;2.423
Q8NDI1;2.416
Q9H410;2.416
Q9NZJ0;2.412
P46013;2.402
P46013;2.402
P46013;2.402
P46013;2.402
P46013;2.402
P15056;2.400
P15056;2.400
Q96S55;2.386
Q96S55;2.386
Q96S55;2.386
Q14493;2.383
Q14493;2.383
P15056;2.377
P15056;2.377
P15882;2.373
Q5T4S7;2.371
Q9BQF6;2.370
Q9BQF6;2.370
Q9BQF6;2.370
Q9BQF6;2.370
Q8TBM8;2.363
P47736;2.361
P47736;2.361
P47736;2.361
Q9NZJ0;2.353
Q9NZJ0;2.353
Q6GYQ0;2.341
Q9H4E7;2.341
Q9H4E7;2.341
Q9H2G2;2.339
Q13765;2.336
Q9NUQ8;2.334
Q5T4S7;2.328
Q15648;2.319
Q15648;2.319
Q15648;2.319
P13807;2.319
P56211;2.317
P56211;2.317
Q8TDZ2;2.315
Q8TDZ2;2.315
Q9NYZ3;2.315
Q6ZUM4;2.310
Q70CQ2;2.308
P56211;2.308
Q14493;2.305
Q14493;2.305
Q9NQS7;2.301
Q9NQS7;2.301
P15056;2.298
P15056;2.298
O95747;2.291
Q9BQF6;2.288
Q9BQF6;2.285
Q9BQF6;2.285
Q9BQF6;2.285
Q9BQF6;2.285
Q9BQF6;2.285
Q9BQF6;2.285
Q9P2M4;2.284
Q9P2M4;2.255
Q9P2M4;2.255
Q9P2M4;2.255
Q9H4E7;2.234
Q9NZJ0;2.230
Q9NZJ0;2.229
P78371;2.228
Q6GYQ0;2.226
Q13362;2.226
Q8TB68;2.217
Q14738;2.199
Q14738;2.199
Q14738;2.199
P78371;2.196
P78371;2.196
P78371;2.196
Q8TEU7;2.193
P62753;2.182
Q02878;2.179
Q14738;2.175
Q14738;2.175
Q14738;2.175
Q14738;2.175
Q14738;2.175
Q14738;2.175
Q8TDZ2;2.174
Q8TDZ2;2.174
Q8TDZ2;2.174
P46013;2.171
P46013;2.171
P46013;2.171
P46013;2.171
P46013;2.171
Q8TDZ2;2.154
Q8TDZ2;2.154
P26599;2.141
P35269;2.140
P35269;2.140
Q9NYZ3;2.138
Q14738;2.137
Q14738;2.137
Q14738;2.137
Q14738;2.137
Q14738;2.133
Q14738;2.133
Q14738;2.133
Q14738;2.133
Q14738;2.133
Q9UKA9;2.132
Q9H4E7;2.127
Q9H4E7;2.119
Q8TDZ2;2.118
Q8TDZ2;2.118
O00115;2.118
Q16875;2.117
Q8TBM8;2.114
Q99832;2.109
Q99832;2.109
Q9Y4F9;2.108
Q9Y4F9;2.108
Q9NZJ0;2.088
Q9NZJ0;2.088
Q9P258;2.080
P35269;2.077
Q8WYP5;2.076
Q9UQ35;2.073
P20671|Q96KK5|Q99878|P0C0S8;2.070
P20671|Q96KK5|Q99878|P0C0S8;2.070
P20671|Q96KK5|Q99878|P0C0S8;2.070
Q9NQS7;2.067
P20700;2.057
Q9NQS7;2.055
P15882;2.055
P15882;2.055
Q7Z5R6;2.039
Q7Z5R6;2.039
Q7Z5R6;2.039
Q8WWI1;2.026
P15882;2.019
P15882;2.019
Q07352;2.019
P00441;2.012
P33778|P06899|P23527|Q16778;2.009
Q9NQS7;2.008
Q9NQS7;2.008
Q13362;2.006
Q13362;2.006
P49773;1.999
Q07352;1.999
Q07352;1.999
Q9NZJ0;1.985
Q13765;1.984
Q9H410;1.982
Q9H410;1.982
Q96QT4;1.981
Q9Y2I7;1.981
Q15058;1.980
P47736;1.980
Q9BQ48;1.977
Q8NHU6;1.971
Q9H410;1.969
P47736;1.963
P47736;1.963
Q8TDZ2;1.953
Q8TDZ2;1.953
Q8TDZ2;1.953
O75382;1.948
P13807;1.946
P15882;1.938
P15882;1.938
Q07352;1.936
Q07352;1.936
Q9Y4G8;1.928
Q14738;1.927
Q14738;1.927
Q14738;1.927
Q14738;1.927
P20700;1.926
Q9H4E7;1.911
Q9H4E7;1.911
Q9H4E7;1.911
Q9H4E7;1.911
Q9H4E7;1.911
P16220|Q03060;1.901
P16220|Q03060;1.901
P78371;1.898
P15882;1.898
P15882;1.898
Q9Y2H9;1.889
Q9Y2H9;1.889
Q8TB68;1.879
Q9H4E7;1.878
P16220|Q03060;1.867
Q6ZU80;1.855
P16220|Q03060;1.837
P16220|Q03060;1.837
Q53EL6;1.829
P13010;1.829
Q9H4E7;1.828
Q9H4E7;1.828
Q9H4E7;1.828
O75995;1.824
Q9NZJ0;1.824
P62753;1.818
P62753;1.818
O95747;1.813
O95747;1.813
O95747;1.813
Q9NZJ0;1.810
P62753;1.810
P15056;1.809
Q13112;1.807
P78371;1.803
P78371;1.803
P78371;1.803
Q8TEU7;1.800
Q8TEU7;1.800
P35579;1.788
P35579;1.788
Q9Y2I7;1.785
Q9NYF5;1.782
Q9NQS7;1.780
P49458;1.779
Q9BZL4;1.774
Q8WWI1;1.767
O75558;1.765
Q9NQS7;1.759
Q9NQS7;1.759
O95747;1.758
O95747;1.758
Q6JBY9;1.757
Q6JBY9;1.757
P30050;1.757
Q01469;1.756
Q9UNL2;1.755
Q15121;1.748
Q9Y3P9;1.748
Q9Y3P9;1.748
Q9Y3P9;1.748
Q9Y3P9;1.748
Q9Y3P9;1.748
Q9Y3P9;1.748
Q6ZU80;1.741
Q9H410;1.740
Q66K74;1.738
Q66K74;1.738
Q9H4E7;1.737
Q9H4E7;1.737
Q9H4E7;1.737
Q99490;1.737
P40925;1.734
P40925;1.734
Q9Y3P9;1.732
Q9Y3P9;1.732
Q9Y3P9;1.732
Q9Y3P9;1.732
Q9Y3P9;1.732
Q16875;1.730
Q9H410;1.729
Q16666;1.724
Q14722|Q13303;1.723
P15882;1.723
P15882;1.723
P15882;1.723
Q9BTC0;1.718
Q9BTC0;1.718
Q15121;1.717
Q9UQ84;1.717
Q9UQ84;1.717
Q9UQ84;1.717
Q9UQ84;1.717
Q9BTC0;1.715
Q9BTC0;1.715
O95747;1.710
O95747;1.710
Q86X02;1.707
Q9UKA9;1.704
Q00537;1.695
Q15052;1.694
Q9BTC0;1.694
Q9BTC0;1.694
Q9BTC0;1.694
Q16875;1.680
Q16875;1.680
P21333|O75369|Q14315;1.680
Q9H2G2;1.679
Q9H2G2;1.679
Q9NRH2;1.678
O75382;1.677
O95294;1.677
P78371;1.674
P78371;1.674
P78371;1.674
Q9UQ84;1.669
Q9UQ84;1.669
Q9Y4G8;1.668
Q9NP64;1.668
Q7Z3T8;1.661
Q9UQ84;1.659
Q9UQ84;1.659
Q9UQ84;1.659
Q9UQ84;1.659
Q9UQ84;1.659
P27348;1.647
P42858;1.631
P46013;1.630
Q9UJU6;1.627
O75962;1.627
Q8TDZ2;1.622
Q9BTC0;1.617
Q9BTC0;1.617
Q9BTC0;1.617
Q9BTC0;1.617
P62081;1.615
P62081;1.615
Q15648;1.613
Q15648;1.613
P25054;1.613
Q15121;1.612
Q15121;1.612
Q15121;1.612
Q15121;1.612
Q16875;1.610
Q16875;1.610
P40925;1.607
P40925;1.607
O95747;1.607
O95149;1.605
Q9BTC0;1.605
Q9Y4G8;1.600
Q9ULT8;1.600
O95747;1.599
O95747;1.599
O95747;1.599
Q14722|Q13303;1.597
Q14722|Q13303;1.597
Q14722|Q13303;1.597
Q00537;1.595
Q9HAW4;1.594
P36542;1.592
P36542;1.592
Q16875;1.591
P40925;1.589
P40925;1.589
Q9Y3P9;1.589
Q9Y3P9;1.589
Q9Y3P9;1.589
Q9Y3P9;1.589
Q9HDC5;1.585
P18846;1.583
P18846;1.583
O95456;1.570
Q8WWI1;1.569
Q9NYZ3;1.567
P11387;1.564
Q14738;1.564
Q00537;1.564
Q00537;1.564
P13807;1.562
P0CW22;1.561
P30086;1.560
O60237;1.549
Q9NQS7;1.548
Q16875;1.546
P62753;1.541
P62753;1.541
P33778|P62807|P58876|Q93079|P06899|O60814|Q99880|Q99879|Q99877|P23527|Q16778|Q5QNW6|P57053;1.540
P33778|P62807|P58876|Q93079|P06899|O60814|Q99880|Q99879|Q99877|P23527|Q16778|Q5QNW6|P57053;1.540
Q6ZU80;1.540
Q9NYZ3;1.537
O75962;1.535
P13010;1.533
O75382;1.532
Q9Y2I7;1.532
Q9HDC5;1.530
Q9P2M7;1.530
Q9P2M7;1.530
Q9P2M7;1.530
P62244;1.529
P62244;1.529
Q15121;1.528
Q15121;1.528
Q15121;1.528
Q15121;1.528
Q6ZUM4;1.528
Q6P6C2;1.527
P13807;1.527
O75995;1.526
P18846;1.516
Q6P6C2;1.516
P18846;1.514
P18846;1.514
P25054;1.513
P25054;1.513
P55084;1.512
O95456;1.512
Q8TAP6;1.511
Q8TAP6;1.511
Q9Y4B4;1.510
Q14722|Q13303;1.504
Q14722|Q13303;1.504
Q14722|Q13303;1.504
O75995;1.502
O75995;1.502
O95456;1.502
O95456;1.502
Q16875;1.501
Q16875;1.501
Q9HDC5;1.499
P04075|P09972|P05062;1.496
P62081;1.496
P62081;1.496
P62081;1.496
O00566;1.492
Q15058;1.492
O95456;1.488
P13807;1.487
P13807;1.487
P18846;1.486
Q9UJU6;1.486
Q15058;1.485
O14974;1.482
Q15121;1.477
Q15121;1.477
Q15121;1.477
Q7Z3T8;1.476
Q14738;1.476
Q14738;1.476
P09543;1.474
Q9Y4B4;1.473
O60234;1.472
Q14738;1.472
Q14738;1.468
Q14738;1.468
P10809;1.467
P10809;1.467
O95149;1.467
Q5XKK7;1.465
P62081;1.465
Q13557;1.465
Q9Y4G8;1.463
Q9Y4G8;1.463
Q8TAP6;1.460
Q9UJU6;1.459
Q9UJU6;1.459
Q9UJU6;1.459
Q14738;1.459
P62244;1.457
P62244;1.457
Q9Y520;1.454
Q9Y4G8;1.453
Q8WWI1;1.451
Q14722|Q13303;1.449
Q14722|Q13303;1.449
Q14722|Q13303;1.449
Q00325;1.449
Q00325;1.449
O75962;1.447
O75962;1.447
O75962;1.447
Q6AHZ1;1.446
P36542;1.446
Q7Z2W4;1.445
P49773;1.445
P31146;1.445
P53671;1.443
Q16875;1.442
P13612;1.438
P13612;1.438
O75962;1.438
O75962;1.438
O75962;1.438
Q14738;1.437
Q14738;1.437
O14924;1.435
O14924;1.435
Q9Y2K5;1.434
P61088;1.433
P13612;1.433
P13612;1.433
P13612;1.433
Q9UJU6;1.432
Q9UJU6;1.432
Q9UJU6;1.432
Q9UJU6;1.432
Q9UJU6;1.431
Q9UJU6;1.431
Q9UJU6;1.431
Q9UJU6;1.431
Q9Y520;1.430
Q9Y520;1.430
Q9Y520;1.430
Q9P2M7;1.430
Q9P2M7;1.430
Q9P2M7;1.430
Q58FF7|P08238;1.429
Q6AHZ1;1.425
P62244;1.424
P62244;1.424
P20290|Q96K17;1.424
P20290|Q96K17;1.424
Q9BT25;1.422
Q9BT25;1.422
P25054;1.421
P25054;1.421
O75962;1.419
O75962;1.419
O95294;1.417
O14924;1.416
O14924;1.416
P16150;1.413
Q32P51|P09651|P51991;1.413
Q32P51|P09651|P51991;1.413
Q32P51|P09651|P51991;1.413
P20671|Q96KK5|Q99878|P0C0S8;1.412
P20671|Q96KK5|Q99878|P0C0S8;1.412
O14974;1.406
O14974;1.406
P13612;1.406
P13612;1.406
P13612;1.406
Q8TB68;1.406
Q08211;1.405
Q14865;1.402
Q14865;1.402
P62269;1.402
P62195;1.402
P62195;1.402
Q9Y333;1.399
Q9Y333;1.399
Q5XKK7;1.398
Q9UJU6;1.398
Q9UJU6;1.398
Q9UJU6;1.398
Q9UJU6;1.398
P67809|P16989|Q9Y2T7;1.398
P67809|P16989|Q9Y2T7;1.398
P67809|P16989|Q9Y2T7;1.398
Q9Y4G8;1.397
Q9Y2K5;1.396
P06733;1.394
P06733;1.394
P06733;1.394
Q99961;1.393
O43639;1.390
O43639;1.390
Q14865;1.390
P30101;1.389
Q32P51|P09651|P51991;1.388
P16150;1.386
Q9Y520;1.386
Q9Y520;1.386
P13010;1.385
O75962;1.380
O75962;1.380
Q15233;1.380
Q9Y520;1.379
P16885;1.379
Q9Y520;1.377
O00148;1.377
O75962;1.376
O75962;1.376
P33778|P06899|P23527|Q16778|Q6DN03|Q6DRA6;1.375
O75962;1.375
O75962;1.375
O75962;1.374
O75962;1.374
O75962;1.374
P47756;1.373
P47756;1.373
Q5SW79;1.369
Q5SW79;1.369
Q5SW79;1.369
Q9Y520;1.369
Q9Y520;1.369
Q9Y520;1.369
O95747;1.366
O95747;1.366
O95747;1.366
P16333;1.366
P16333;1.366
Q5SW79;1.366
Q5SW79;1.366
Q5SW79;1.366
P25705;1.364
P62805;1.363
P62805;1.363
P62805;1.362
P62805;1.362
P62805;1.362
O75995;1.360
O75995;1.360
O75995;1.360
P52565;1.357
P52565;1.357
P52565;1.357
Q9UJU6;1.356
Q9UJU6;1.356
Q9UJU6;1.356
Q9UJU6;1.356
Q9UJU6;1.356
Q9H2G2;1.355
Q9H2G2;1.355
P10599;1.355
Q6JBY9;1.353
Q6JBY9;1.353
Q8NAV1;1.349
P52566;1.346
P52566;1.346
Q86SE5;1.344
Q86SE5;1.344
Q32P51|P09651|P51991;1.339
Q32P51|P09651|P51991;1.339
Q32P51|P09651|P51991;1.339
P04406;1.338
Q99497;1.338
Q9BT25;1.335
Q9BT25;1.335
Q8WUY9;1.335
Q8WUY9;1.335
P00338;1.334
P00338;1.334
P05387;1.334
P05387;1.334
Q02543;1.333
P35241|P26038;1.330
Q9NYV4;1.330
Q9NYV4;1.330
Q7Z401;1.330
P10809;1.329
P10809;1.329
Q86X02;1.328
Q00839;1.327
Q00839;1.327
Q00839;1.327
Q58FF7|P08238;1.326
P53680;1.326
Q13557;1.324
Q9BT25;1.323
Q9BT25;1.323
Q08211;1.322
O75044;1.322
O75044;1.322
O95232;1.321
Q9Y4B4;1.320
P16949;1.320
P46776;1.316
Q9NYZ1;1.316
Q9NYZ1;1.316
P30050;1.314
P30050;1.314
P68104|Q5VTE0|Q05639;1.313
Q9Y520;1.312
P62269;1.312
O00231;1.311
O00231;1.311
O43295;1.311
Q9Y4B4;1.310
Q9H2G2;1.309
Q9H2G2;1.309
Q9NR30;1.308
Q9NR30;1.308
Q9NR30;1.308
Q8NI08;1.305
P50991;1.303
P23497;1.303
Q8WUY9;1.302
O75995;1.302
O75995;1.302
P07237;1.302
P07237;1.302
P07237;1.302
P62273;1.301
Q9Y4B4;1.300
Q9NYU2;1.299
P06733;1.297
P06733;1.297
P06733;1.297
Q15032;1.296
Q15032;1.296
P48735;1.294
Q5SW79;1.293
Q5SW79;1.293
P25054;1.291
P25054;1.291
Q13362;1.291
Q13362;1.291
A0AVK6;1.290
Q969H8;1.284
Q969H8;1.284
Q969H8;1.284
Q9Y520;1.284
P50991;1.282
P50991;1.282
Q6ZUT9;1.280
P04406;1.279
Q9UID6;1.279
Q9UID6;1.279
Q9UID6;1.279
Q9UID6;1.279
Q9UID6;1.279
Q15032;1.276
Q15032;1.276
Q9NYZ1;1.272
Q9BPZ7;1.271
Q9BPZ7;1.271
Q9BPZ7;1.271
P53671;1.271
Q71U36|Q9BQE3|Q13748|Q6PEY2|Q9NY65;1.271
Q71U36|Q9BQE3|Q13748|Q6PEY2|Q9NY65;1.271
Q9HDC5;1.269
Q9HDC5;1.269
P06576;1.268
P62861;1.268
P62861;1.268
Q02543;1.266
Q02543;1.266
Q02543;1.266
O95232;1.266
Q96A26;1.266
P07910;1.264
P07910;1.264
P18846;1.261
O14924;1.259
Q13422;1.259
O95747;1.257
O95747;1.257
P62888;1.255
P07195;1.255
P07195;1.255
P07195;1.255
P22087;1.251
P22087;1.251
P22087;1.251
Q5JTD0;1.250
Q5JTD0;1.250
Q6JBY9;1.250
P46778;1.249
P46778;1.249
Q99590;1.247
P09429;1.246
P09429;1.246
P09429;1.246
P11310;1.243
P06730;1.242
P06730;1.242
P06730;1.242
P49773;1.242
O95232;1.241
O95232;1.241
P20671|Q96KK5|Q99878|P0C0S8|Q6FI13|Q16777|Q9BTM1;1.240
P20671|Q96KK5|Q99878|P0C0S8|Q6FI13|Q16777|Q9BTM1;1.240
P20671|Q96KK5|Q99878|P0C0S8|Q6FI13|Q16777|Q9BTM1;1.240
P35611|P35612|Q9UEY8;1.240
Q9Y285;1.240
Q9P2M7;1.237
Q9P2M7;1.237
Q9P2M7;1.237
P06730;1.237
Q9NYZ3;1.236
Q9NYZ3;1.236
Q9NYZ3;1.236
P23497;1.236
P07910;1.235
O75044;1.235
P10809;1.233
P10809;1.233
P10809;1.233
O75044;1.232
P05387;1.232
P39023;1.231
P04075;1.231
P04075;1.231
Q53QZ3;1.229
Q53QZ3;1.229
Q71U36|Q9BQE3|Q13748|Q6PEY2|Q9NY65;1.226
Q9Y6A5;1.225
Q9Y6A5;1.225
P47974;1.224
Q15185;1.223
Q96A26;1.222
Q96A26;1.222
Q96A26;1.222
P16333;1.222
P16333;1.222
P16333;1.222
Q9Y520;1.219
P62244;1.218
P62244;1.218
P62244;1.218
P55201;1.216
P30086;1.216
P38646;1.214
P23497;1.214
P23497;1.214
O75044;1.213
Q9HDC5;1.212
Q9HDC5;1.212
Q9HDC5;1.212
Q14498;1.211
P11142;1.211
Q14566;1.210
Q96T37;1.209
Q96T37;1.209
Q96T37;1.209
Q13112;1.207
O75145;1.206
Q92598;1.206
P53004;1.205
P62805;1.204
P62805;1.204
P23246;1.204
Q14738;1.204
Q14738;1.204
Q14738;1.204
P16150;1.203
P10412|P16403|P16402;1.201
Q96T37;1.200
Q96T37;1.200
Q96T37;1.200
P05387;1.200
Q8NG31;1.200
Q8NG31;1.200
Q8NG31;1.200
O14979;1.197
O14979;1.197
O14979;1.197
Q9NQS7;1.197
A0AVK6;1.195
Q9HDC5;1.195
Q9HDC5;1.195
Q9HDC5;1.195
P09429;1.195
P09429;1.195
P09429;1.195
Q96T37;1.193
Q96T37;1.193
P62269;1.193
A0AVK6;1.193
P83731;1.192
P83731;1.192
O15145;1.190
P30050;1.190
Q9BQ48;1.189
Q16695|P68431|Q71DI3|P84243|Q6NXT2;1.189
Q16695|P68431|Q71DI3|P84243|Q6NXT2;1.189
Q16695|P68431|Q71DI3|P84243|Q6NXT2;1.189
Q16695|P68431|Q71DI3|P84243|Q6NXT2;1.189
Q16695|P68431|Q71DI3|P84243|Q6NXT2;1.189
Q53QZ3;1.186
Q53QZ3;1.186
Q53QZ3;1.186
P00558|P07205;1.185
P00558|P07205;1.185
P00558|P07205;1.185
O14979;1.183
P55060;1.183
Q53QZ3;1.182
P08238|Q58FF8|Q58FF7;1.181
Q58FF8|Q58FF7|P08238;1.181
P68104|Q5VTE0;1.181
O75044;1.179
Q15032;1.179
Q15032;1.179
P26583;1.179
P09543;1.179
P09543;1.179
P09543;1.179
P09543;1.179
O75534;1.178
Q9ULT8;1.177
Q9ULT8;1.177
P16333;1.177
Q9ULT8;1.176
Q9ULT8;1.176
Q9ULT8;1.176
Q7Z401;1.175
Q7Z401;1.175
Q7Z401;1.175
P07737;1.175
P07737;1.175
P07737;1.175
P16150;1.175
P16150;1.175
P16150;1.175
P26583;1.174
P26583;1.174
P26583;1.174
Q9ULT8;1.174
Q9ULT8;1.174
Q9ULT8;1.174
Q8NG31;1.169
Q8NG31;1.169
P36542;1.169
Q53QZ3;1.169
Q53QZ3;1.169
Q53QZ3;1.169
Q53QZ3;1.169
Q7Z5K2;1.168
P47755|P52907;1.168
P47755|P52907;1.168
P47755|P52907;1.168
Q9Y520;1.168
Q9Y520;1.168
P62906;1.167
P62906;1.167
P62906;1.167
P16949;1.167
P16150;1.166
Q9BPZ7;1.165
Q9BPZ7;1.165
Q14738;1.165
P49207;1.164
Q16695|P68431|Q71DI3|P84243|Q6NXT2;1.164
Q16695|P68431|Q71DI3|P84243|Q6NXT2;1.164
Q16695|P68431|Q71DI3|P84243|Q6NXT2;1.164
Q16695|P68431|Q71DI3|P84243|Q6NXT2;1.164
Q8NG31;1.163
Q8NG31;1.163
Q8NG31;1.163
P11142;1.163
P11142;1.163
P11142;1.163
Q9BPZ7;1.162
Q99729;1.162
Q99729;1.162
Q99729;1.162
P60174;1.161
P60174;1.161
P07900|Q58FG1;1.161
P09543;1.160
P09543;1.160
P09543;1.160
P09543;1.160
P35611|P35612|Q9UEY8;1.160
P35611|P35612|Q9UEY8;1.160
O43295;1.160
P26038;1.160
P26038;1.160
P62937;1.160
P62937;1.160
P07737;1.159
P07737;1.159
P07737;1.159
P62753;1.158
P38159|Q96E39|O75526|Q8N7X1;1.158
P38159|Q96E39|O75526|Q8N7X1;1.158
P38159|Q96E39|O75526|Q8N7X1;1.158
P30153;1.158
Q14103;1.158
Q14103;1.158
Q14103;1.158
Q01804;1.156
P62318;1.156
P62318;1.156
P62318;1.156
P84090;1.156
P84090;1.156
P53367;1.153
P53367;1.153
Q6FI13|Q16777|Q9BTM1;1.153
Q16695|P68431|Q71DI3|P84243|Q6NXT2;1.153
Q16695|P68431|Q71DI3|P84243|Q6NXT2;1.153
Q16695|P68431|Q71DI3|P84243|Q6NXT2;1.153
P46781;1.152
P26599;1.152
Q53QZ3;1.151
Q53QZ3;1.151
Q53QZ3;1.151
Q53QZ3;1.151
P10809;1.151
P10809;1.151
Q96T37;1.151
Q96T37;1.151
Q9Y4L1;1.150
Q9Y4L1;1.150
P84090;1.149
P84090;1.149
P84090;1.149
Q53QZ3;1.149
Q53QZ3;1.149
Q53QZ3;1.149
Q53QZ3;1.149
P40227;1.148
P09429;1.146
Q99729;1.146
Q99729;1.146
Q99729;1.146
Q99729;1.146
O95983;1.146
P60174;1.146
Q9HDC5;1.145
Q9HDC5;1.145
Q16576|Q09028;1.145
Q16576|Q09028;1.145
Q16576|Q09028;1.145
Q99729;1.144
Q99729;1.144
P35579;1.144
P35579;1.144
P40227|Q92526;1.144
P53367;1.144
Q9P2M7;1.144
P63220;1.143
O00148|Q13838;1.143
O00148|Q13838;1.143
Q13838;1.143
Q7Z401;1.142
Q7Z401;1.142
P39023;1.142
P39023;1.142
P17812;1.141
P17812;1.141
P35611|P35612|Q9UEY8;1.139
Q14103;1.139
Q14103;1.139
Q14103;1.139
P62937;1.138
P62937;1.138
P62937;1.138
P83731;1.138
P83731;1.138
P16150;1.138
P16150;1.138
P16150;1.138
Q13885|Q9BVA1|Q13509|P04350|P68371|P07437;1.137
Q13885|Q9BVA1|Q13509|P04350|P68371|P07437;1.137
P20700;1.136
P22392|O60361;1.136
P50502|Q8IZP2|Q8NFI4;1.136
P50502|Q8IZP2|Q8NFI4;1.136
P50502|Q8IZP2|Q8NFI4;1.136
P29401;1.136
Q16695|P68431|Q71DI3|P84243|Q6NXT2;1.136
Q16695|P68431|Q71DI3|P84243|Q6NXT2;1.136
P31948;1.135
P31948;1.135
P04406;1.134
P04406;1.134
Q9Y520;1.133
P00338;1.133
P07737;1.133
Q08211;1.133
Q08211;1.133
P07237;1.133
P07237;1.133
P07237;1.133
P18077;1.132
P18077;1.132
Q9HAW4;1.130
A0AVK6;1.130
O95232;1.129
O95232;1.129
P00338;1.129
P00338;1.129
P00338;1.129
Q13136;1.129
Q13136;1.129
Q13136;1.129
Q13136;1.129
Q14738;1.128
P11310;1.128
Q9BRA2;1.127
Q9BRA2;1.127
O95232;1.126
O95232;1.126
P62753;1.126
P62753;1.126
P29401;1.125
P07195;1.125
P07195;1.125
P18077;1.124
P18077;1.124
P18077;1.124
P83731;1.124
P83731;1.124
P47756;1.124
P47756;1.124
P47756;1.124
P18621;1.124
P18621;1.124
P18621;1.124
Q14738;1.123
Q14738;1.123
Q14738;1.123
P04075;1.123
P04075;1.123
P68104|Q5VTE0;1.123
Q14498;1.123
P61586|P62745|P08134;1.122
P61586|P62745|P08134;1.122
P61586|P62745|P08134;1.122
P61586|P62745|P08134;1.122
P48735;1.121
Q00839;1.120
P10809;1.118
P10809;1.118
P16333;1.118
P16333;1.118
P35611|P35612|Q9UEY8;1.117
P35611|P35612|Q9UEY8;1.117
P35611|P35612|Q9UEY8;1.117
P35611|P35612|Q9UEY8;1.117
Q13885|Q9BVA1|Q13509|P04350|P68371|P07437;1.117
P04406;1.116
P04406;1.116
O15145;1.116
O15145;1.116
Q9BRA2;1.116
Q9Y4B4;1.115
Q14103;1.114
Q14103;1.114
Q14103;1.114
P04406;1.114
P04406;1.114
P04406;1.114
Q14103;1.113
Q14103;1.113
Q14103;1.113
Q9UNN5;1.113
P10809;1.112
P10809;1.112
P07737;1.111
P07737;1.111
P07737;1.111
P49368;1.111
Q8NHU6;1.110
P62273;1.110
Q13136;1.110
Q13136;1.110
Q13136;1.110
Q13136;1.110
Q15717;1.107
Q15717;1.107
P22314;1.107
Q96EP5;1.107
P08238|Q58FF8|Q58FF7;1.106
P31943|P55795;1.106
Q9NYZ3;1.105
Q9NYZ3;1.105
Q9NYZ3;1.105
Q32P51|P09651|P51991;1.104
Q32P51|P09651|P51991;1.104
Q32P51|P09651|P51991;1.104
O75044;1.104
P26583;1.104
P26583;1.104
Q14566;1.103
Q14566;1.103
Q14566;1.103
P14618;1.102
P14618;1.102
P14618;1.102
Q13769;1.102
Q13769;1.102
P31943|P55795;1.102
P31943|P55795;1.102
P68104|Q5VTE0;1.102
P62851;1.102
P62851;1.102
P62851;1.102
P16949;1.101
P16949;1.101
Q14865;1.101
Q14865;1.101
P52272;1.101
Q13136;1.101
Q99729;1.101
Q99729;1.101
Q99729;1.101
P36578;1.101
P04406;1.100
P04406;1.100
Q14738;1.100
Q14738;1.100
P13796|P13797;1.100
P13796|P13797;1.100
P10809;1.099
P10809;1.099
P10809;1.099
P16150;1.099
P16150;1.099
P16150;1.099
P16150;1.099
P63220;1.098
P52272;1.098
Q9UPQ3;1.097
P16150;1.097
P16150;1.097
P16150;1.097
Q32P51|P09651|P51991;1.096
Q32P51|P09651|P51991;1.096
Q32P51|P09651|P51991;1.096
P46776;1.096
Q15233;1.096
P16333;1.095
P16333;1.095
Q9UKD2;1.095
Q9UKD2;1.095
P61586|P62745|P08134;1.095
P61353;1.095
P61353;1.095
P61353;1.095
Q9BRA2;1.095
Q9BRA2;1.095
P00441;1.094
Q9NZJ0;1.093
Q9NZJ0;1.093
Q92688;1.093
P47755|P52907;1.093
P47755|P52907;1.093
P47755|P52907;1.093
P50991;1.093
Q14103;1.092
Q14103;1.092
Q14103;1.092
P09429;1.091
Q53QZ3;1.090
Q53QZ3;1.090
Q53QZ3;1.090
Q53QZ3;1.090
Q53QZ3;1.090
Q16695|P68431|Q71DI3|P84243|Q6NXT2;1.090
Q16695|P68431|Q71DI3|P84243|Q6NXT2;1.090
Q16695|P68431|Q71DI3|P84243|Q6NXT2;1.090
O00148|Q13838;1.090
P09543;1.090
P09543;1.090
P09543;1.090
P62269;1.089
P30101;1.087
P53367;1.087
P53367;1.087
P53367;1.087
P0CW22;1.087
P0CW22;1.087
P0CW22;1.087
P62861;1.087
P62861;1.087
P18077;1.086
P18077;1.086
P18077;1.086
P53634;1.086
O95983;1.085
P04406;1.085
P04406;1.085
P04406;1.085
Q58FF7|P08238;1.085
Q58FF7|P08238;1.085
P62273;1.085
Q13136;1.084
Q13136;1.084
P09543;1.083
P09543;1.083
P09543;1.083
P09543;1.083
P09543;1.083
P04406;1.082
P04406;1.082
P14618;1.082
P14618;1.082
P14618;1.082
O00267;1.081
P00558|P07205;1.081
P00558|P07205;1.081
P00558|P07205;1.081
Q8WUY9;1.080
Q8WUY9;1.080
Q8NHW5|P05388;1.079
Q8NHW5|P05388;1.079
Q8NHW5|P05388;1.079
P09211;1.079
P09211;1.079
Q53QZ3;1.079
Q53QZ3;1.079
Q53QZ3;1.079
Q9Y6A5;1.078
Q9Y6A5;1.078
Q9NYU2;1.077
P38919;1.077
O95983;1.077
Q13136;1.076
P78417;1.076
Q9BPZ7;1.076
Q9BPZ7;1.076
Q9BPZ7;1.076
Q9BPZ7;1.076
Q9BPZ7;1.076
Q99729;1.076
Q99729;1.076
Q99729;1.076
Q14738;1.076
Q14738;1.076
Q14738;1.076
P09543;1.075
P09543;1.075
P09543;1.075
O75995;1.075
P10809;1.075
P10809;1.075
P16333;1.075
P16333;1.075
P16333;1.075
P16333;1.075
P16333;1.075
P20671|Q96KK5|Q99878|P0C0S8|Q6FI13|Q16777|Q9BTM1;1.074
P20671|Q96KK5|Q99878|P0C0S8|Q6FI13|Q16777|Q9BTM1;1.074
P20671|Q96KK5|Q99878|P0C0S8|Q6FI13|Q16777|Q9BTM1;1.074
P14618|P30613;1.073
P14618|P30613;1.073
Q9NQS7;1.073
P04406;1.073
P04406;1.073
P04406;1.073
P04406;1.073
Q00839;1.073
P62937;1.073
Q13362;1.073
P13796|P13797;1.072
P13796|P13797;1.072
P13796|P13797;1.072
P07195;1.072
P07195;1.072
P62937;1.072
Q53QZ3;1.071
Q53QZ3;1.071
Q53QZ3;1.071
Q53QZ3;1.071
Q9Y4G6|Q9Y490;1.071
Q9Y4G6|Q9Y490;1.071
Q13885|Q9BVA1|Q13509|P04350|P68371|P07437;1.071
Q13885|Q9BVA1|Q13509|P04350|P68371|P07437;1.071
Q13885|Q9BVA1|Q13509|P04350|P68371|P07437;1.071
P10809;1.071
P10809;1.071
Q00839;1.069
Q00839;1.069
Q00839;1.069
Q9HD33;1.069
P84090;1.068
P84090;1.068
P84090;1.068
P11142;1.068
P11142;1.068
P11142;1.068
P32969;1.068
P32969;1.068
P32969;1.068
P52272;1.067
P52272;1.067
P52272;1.067
P62266;1.067
P06576;1.067
P06576;1.067
P06576;1.067
O75558;1.067
O75558;1.067
P62753;1.067
P50990;1.066
P50990;1.066
P50990;1.066
Q7Z3T8;1.066
Q7Z3T8;1.066
Q7Z3T8;1.066
Q15428;1.065
P00558|P07205;1.064
P00558|P07205;1.064
P62937;1.064
Q32P51|P09651|P51991;1.064
Q32P51|P09651|P51991;1.064
Q32P51|P09651|P51991;1.064
P09543;1.063
P09543;1.063
P09543;1.063
P62269;1.063
P62269;1.063
P05386;1.063
P05386;1.063
Q9NYZ3;1.063
P55072;1.062
P55072;1.062
P55072;1.062
Q9NQR1;1.062
P62263;1.062
P62263;1.062
P35611|P35612|Q9UEY8;1.062
P35611|P35612|Q9UEY8;1.062
P35611|P35612|Q9UEY8;1.062
Q7Z3T8;1.062
Q7Z3T8;1.062
Q7Z3T8;1.062
P35611|P35612|Q9UEY8;1.062
P35611|P35612|Q9UEY8;1.062
P35611|P35612|Q9UEY8;1.062
P35611|P35612|Q9UEY8;1.062
P35611|P35612|Q9UEY8;1.062
P35611|P35612|Q9UEY8;1.062
P35611|P35612|Q9UEY8;1.062
Q14103;1.061
Q14103;1.061
Q14103;1.061
P09211;1.060
P30050;1.060
P30050;1.060
P62701;1.059
P62993;1.059
P62993;1.059
P62993;1.059
P35611|P35612|Q9UEY8;1.059
P35611|P35612|Q9UEY8;1.059
P35611|P35612|Q9UEY8;1.059
P35611|P35612|Q9UEY8;1.059
P35611|P35612|Q9UEY8;1.059
P35611|P35612|Q9UEY8;1.059
P35611|P35612|Q9UEY8;1.059
P35611|P35612|Q9UEY8;1.059
P35611|P35612|Q9UEY8;1.059
P35611|P35612|Q9UEY8;1.059
P35611|P35612|Q9UEY8;1.059
P35611|P35612|Q9UEY8;1.059
P45880;1.058
P45880;1.058
Q9HDC5;1.058
Q9HDC5;1.058
Q9HDC5;1.058
Q9HDC5;1.058
Q9HDC5;1.058
P53367;1.058
P53367;1.058
P53367;1.058
P62318;1.057
P14625;1.057
P14625;1.057
P21796;1.057
P21796;1.057
P21796;1.057
P39023;1.057
P39023;1.057
P49207;1.057
P14618|P30613;1.057
P14618|P30613;1.057
P14618|P30613;1.057
P31948;1.056
P31948;1.056
P31948;1.056
P07195;1.056
P07195;1.056
Q07666|O75525|Q5VWX1;1.056
P36542;1.055
P36542;1.055
P16150;1.055
P16150;1.055
P16150;1.055
P16150;1.055
P60174;1.055
P60174;1.055
P60174;1.055
P36578;1.055
P16333;1.055
P16333;1.055
P26373;1.054
P26373;1.054
Q16695|P68431|Q71DI3|P84243|Q6NXT2;1.054
Q16695|P68431|Q71DI3|P84243|Q6NXT2;1.054
P62277;1.054
P62277;1.054
P16333;1.053
P16333;1.053
P16333;1.053
P16333;1.053
Q16695|P68431|Q71DI3|P84243|Q6NXT2;1.053
Q16695|P68431|Q71DI3|P84243|Q6NXT2;1.053
Q16695|P68431|Q71DI3|P84243|Q6NXT2;1.053
Q14498;1.053
Q14498;1.053
O43414;1.053
Q99590;1.052
P35611|P35612|Q9UEY8;1.052
P35611|P35612|Q9UEY8;1.052
O00148|Q13838;1.052
O00148|Q13838;1.052
Q9NZJ0;1.052
Q9NZJ0;1.052
P04406;1.051
P04406;1.051
P04406;1.051
P04406;1.051
P18621;1.051
P11142;1.051
P11142;1.051
P11142;1.051
P00338;1.050
P00338;1.050
P46779;1.050
P46779;1.050
P0CW22;1.049
P16333;1.049
P16333;1.049
P16333;1.049
P16333;1.049
P16333;1.049
P09429;1.048
P20700;1.048
P20700;1.048
Q71U36|Q9BQE3|Q13748|Q6PEY2|Q9NY65;1.047
P04406;1.047
P04406;1.047
P04406;1.047
P04406;1.047
P62937;1.046
P62937;1.046
Q15021;1.046
Q16666;1.046
Q16666;1.046
Q13769;1.046
Q13769;1.046
P62277;1.044
P62277;1.044
P62277;1.044
Q13885|Q9BVA1|Q13509|P04350|P68371|P07437;1.044
Q13885|Q9BVA1|Q13509|P04350|P68371|P07437;1.044
P61927;1.044
P39023;1.044
P35579;1.043
P35579;1.043
P35579;1.043
P06748;1.043
P06748;1.043
P06748;1.043
P62266;1.043
P62266;1.043
P62266;1.043
O75558;1.042
O75558;1.042
Q13769;1.042
P20290|Q96K17;1.041
O95232;1.041
O95232;1.041
Q08211;1.040
Q08211;1.040
Q08211;1.040
Q5JTD0;1.040
Q16576|Q09028;1.040
Q16576|Q09028;1.040
Q16576|Q09028;1.040
O95232;1.040
Q92879|O95319;1.040
P22392|O60361;1.040
Q9HDC5;1.039
Q9HDC5;1.039
P11142;1.039
P11142;1.039
P22307;1.038
P22307;1.038
P62244;1.038
P62244;1.038
P62244;1.038
P35611|P35612|Q9UEY8;1.037
P35611|P35612|Q9UEY8;1.037
P35611|P35612|Q9UEY8;1.037
P35611|P35612|Q9UEY8;1.037
P35611|P35612|Q9UEY8;1.037
P35611|P35612|Q9UEY8;1.037
P35611|P35612|Q9UEY8;1.037
O00267;1.037
Q9ULT8;1.037
Q9ULT8;1.037
Q99729;1.037
Q99729;1.037
Q99729;1.037
O00267;1.036
Q6P4F7;1.035
Q9P2M7;1.035
P04406;1.035
P04406;1.035
P04406;1.035
P52566;1.035
P52566;1.035
P52566;1.035
P50502|Q8IZP2|Q8NFI4;1.034
Q00839;1.034
O00154;1.034
O00154;1.034
Q9H4A3;1.033
P05386;1.033
P05386;1.033
P35579;1.032
P35579;1.032
P35268;1.032
P62899;1.030
P0CW22;1.030
Q71UI9|P0C0S5;1.029
Q9Y333;1.029
Q15428;1.029
Q15428;1.029
Q7Z3T8;1.029
Q7Z3T8;1.029
Q7Z3T8;1.029
Q9NYZ3;1.028
P62805;1.027
P62805;1.027
P62805;1.027
P62805;1.027
P11142;1.027
P11142;1.027
P18669|P15259;1.027
P61247;1.026
P61247;1.026
P13796|P13797;1.026
P13796|P13797;1.026
P13796|P13797;1.026
P06748;1.026
P06748;1.026
P06748;1.026
P16150;1.026
P16150;1.026
P16150;1.026
Q13769;1.025
Q13769;1.025
P30086;1.025
P62807|P58876|Q93079|O60814|Q99880|Q99879|Q99877|Q5QNW6|P57053;1.024
P62807|P58876|Q93079|O60814|Q99880|Q99879|Q99877|Q5QNW6|P57053;1.024
Q16695|P68431|Q71DI3|P84243|Q6NXT2;1.024
Q16695|P68431|Q71DI3|P84243|Q6NXT2;1.024
Q16695|P68431|Q71DI3|P84243|Q6NXT2;1.024
P61247;1.024
P61247;1.024
P61247;1.024
Q9BPZ7;1.023
Q9BPZ7;1.023
Q9BPZ7;1.023
Q9BPZ7;1.023
P31948;1.023
P31948;1.023
P31948;1.023
P43243;1.023
Q16576|Q09028;1.022
Q16576|Q09028;1.022
Q16576|Q09028;1.022
P63241|Q9GZV4|Q6IS14;1.022
P63241|Q9GZV4|Q6IS14;1.022
P61586|P62745|P08134;1.022
P61586|P62745|P08134;1.022
P61586|P62745|P08134;1.022
P21796;1.022
P21796;1.022
P21796;1.022
P62805;1.020
P62805;1.020
P62805;1.020
P62805;1.020
Q96T37;1.018
P62244;1.018
P62244;1.018
P62244;1.018
P06733;1.018
Q06210;1.017
P49368;1.016
P24534;1.016
P24534;1.016
P24534;1.016
P50991;1.015
P50991;1.015
P50991;1.015
P62805;1.015
P62805;1.015
P62805;1.015
O15371;1.015
P60900;1.015
Q13769;1.014
P62861;1.014
Q9HAW4;1.014
Q9HAW4;1.014
Q13136;1.013
Q13136;1.013
P31948;1.013
P31948;1.013
P31948;1.013
Q9H4A3;1.013
Q9H4A3;1.013
P62807|P58876|Q93079|O60814|Q99880|Q99879|Q99877|Q5QNW6|P57053;1.013
Q13112;1.013
Q9H4A3;1.012
O15145;1.012
O15145;1.012
Q8WXE9;1.012
P06748;1.011
P06748;1.011
P06748;1.011
Q14566;1.011
Q14566;1.011
Q14566;1.011
Q14566;1.011
Q14566;1.011
P16401;1.011
P16401;1.011
P16401;1.011
P07237;1.010
P07237;1.010
Q8WXE9;1.010
P06733;1.009
P06733;1.009
P06733;1.009
P53367;1.009
Q14865;1.008
Q14865;1.008
P53396;1.008
P16333;1.008
P16333;1.008
P16401;1.008
P16401;1.008
P16401;1.008
Q9H2U2;1.008
Q14566;1.006
Q14566;1.006
P61247;1.006
P61247;1.006
P18077;1.006
P50395|P31150;1.006
Q9HB71;1.006
Q969T9;1.005
P14151;1.004
P14151;1.004
P14151;1.004
P62266;1.004
P62266;1.004
P62266;1.004
O14974;1.004
O14974;1.004
P06733;1.003
Q9BX40;1.003
P47755|P52907;1.003
P47755|P52907;1.003
P47755|P52907;1.003
P11142;1.002
P11142;1.002
P06733;1.001
P06733;1.001
P45880;1.001
P45880;1.001
P16333;1.001
P16333;1.001
Q5VZ89;1.000
P23246;0.999
P23246;0.999
P07900;0.997
P07900;0.997
P49368;0.997
Q9Y6A5;0.996
Q9Y6A5;0.996
Q9Y6A5;0.996
P22234;0.996
P22234;0.996
P22234;0.996
P06733;0.996
P06733;0.996
P15311;0.996
P15311;0.996
Q9H3P7;0.995
P12235|P12236|P05141;0.995
P12235|P12236|P05141;0.995
P51665;0.995
Q9Y6A5;0.994
Q9Y6A5;0.994
Q9Y6A5;0.994
P36578;0.993
Q13769;0.992
P20290|Q96K17;0.992
P20290|Q96K17;0.992
Q00839;0.992
Q00839;0.992
Q00839;0.992
P16333;0.992
P16333;0.992
P30086;0.991
Q08945;0.990
Q08945;0.990
Q08945;0.990
Q15428;0.990
P26583;0.990
P26583;0.990
P26583;0.990
P37108;0.990
P06748;0.989
P06748;0.989
P06748;0.989
Q969H8;0.988
Q969H8;0.988
P23246;0.988
P23246;0.988
P22314;0.988
Q9H4A3;0.988
P83731;0.987
O75995;0.987
O75995;0.987
P52566;0.987
P62807|P58876|Q93079|O60814|Q99880|Q99879|Q99877|Q5QNW6|P57053;0.987
P62807|P58876|Q93079|O60814|Q99880|Q99879|Q99877|Q5QNW6|P57053;0.987
P62807|P58876|Q93079|O60814|Q99880|Q99879|Q99877|Q5QNW6|P57053;0.987
Q16666;0.986
Q96A26;0.985
Q96A26;0.985
P04075|P09972|P05062;0.985
P26373;0.985
P26373;0.985
P26373;0.985
P21333|O75369;0.984
P21333|O75369;0.984
P10599;0.984
Q32P51|P09651|P51991;0.984
Q32P51|P09651|P51991;0.984
Q32P51|P09651|P51991;0.984
Q32P51|P09651|P51991;0.984
P26373;0.983
P26373;0.983
P26373;0.983
P26373;0.983
P09622;0.983
P09622;0.983
P09622;0.983
P83731;0.982
P83731;0.982
P83731;0.982
Q13136;0.982
Q9Y266;0.981
P43243;0.981
P63241|Q9GZV4|Q6IS14;0.980
P63241|Q9GZV4|Q6IS14;0.980
Q32P51|P09651|P51991;0.980
Q32P51|P09651|P51991;0.980
Q32P51|P09651|P51991;0.980
P63220;0.980
P60866;0.979
P60866;0.979
P60866;0.979
P62263;0.979
P35579;0.978
P35579;0.978
P18621;0.978
P18621;0.978
P18621;0.978
P50991;0.978
P07195;0.978
Q9P258;0.978
Q9P258;0.978
Q9P258;0.978
P09543;0.977
P09543;0.977
Q9NQS7;0.976
P07195;0.976
P07195;0.976
P49207;0.976
Q96T37;0.976
Q96T37;0.976
Q32P51|P09651|P51991;0.975
Q32P51|P09651|P51991;0.975
Q32P51|P09651|P51991;0.975
P16150;0.974
P32969;0.974
P32969;0.974
P32969;0.974
P35611|P35612|Q9UEY8;0.973
P35611|P35612|Q9UEY8;0.973
P35611|P35612|Q9UEY8;0.973
P35611|P35612|Q9UEY8;0.973
P35611|P35612|Q9UEY8;0.973
P35611|P35612|Q9UEY8;0.973
P35611|P35612|Q9UEY8;0.973
P35611|P35612|Q9UEY8;0.973
P35611|P35612|Q9UEY8;0.973
P15311;0.973
P15311;0.973
P15311;0.973
P16333;0.973
P16333;0.973
P15311;0.973
P15311;0.973
Q9BPZ7;0.973
Q9BPZ7;0.973
Q9BPZ7;0.973
Q8NG31;0.972
Q8NG31;0.972
Q13885|Q9BVA1|Q13509|P04350|P68371|P07437;0.972
Q9UHX1;0.972
Q9UK76;0.971
Q32P51|P09651;0.971
Q32P51|P09651;0.971
Q32P51|P09651;0.971
P09661;0.969
P09661;0.969
P09661;0.969
P63173;0.969
P09622;0.968
P09622;0.968
P00558;0.968
O75558;0.966
Q01105;0.966
Q9Y490;0.964
Q32P51|P09651;0.964
Q32P51|P09651;0.964
Q32P51|P09651;0.964
Q9UHX1;0.964
Q9UHX1;0.964
Q9H4A3;0.962
Q9H4A3;0.962
Q08211;0.962
Q08211;0.962
P63241|Q9GZV4|Q6IS14;0.961
P63241|Q9GZV4|Q6IS14;0.961
P17987;0.961
P38646;0.961
Q9BX40;0.960
Q99729;0.959
Q99729;0.959
Q99729;0.959
P27797;0.959
Q14865;0.959
Q14865;0.959
Q14865;0.959
Q02543;0.959
Q02543;0.959
Q02543;0.959
Q02543;0.959
Q02543;0.959
P31939;0.958
P31939;0.958
P06576;0.958
P06576;0.958
P49368;0.957
P62277;0.955
P62277;0.955
P62277;0.955
Q13885|Q9BVA1|Q13509|P04350|P68371|P07437;0.955
P20671|Q96KK5|Q99878|P0C0S8|Q6FI13|Q16777|Q9BTM1;0.955
P20671|Q96KK5|Q99878|P0C0S8|Q6FI13|Q16777|Q9BTM1;0.955
P62266;0.955
P26038;0.955
P26038;0.955
P26038;0.955
Q9BX40;0.954
Q13885|Q9BVA1|Q13509|P04350|P68371|P07437;0.954
Q86X02;0.953
Q32P51|P09651;0.953
Q32P51|P09651;0.953
Q32P51|P09651;0.953
Q9Y520;0.952
P83731;0.951
P83731;0.951
P63220;0.951
P06730;0.951
P06730;0.951
P21333|O75369;0.951
P21333|O75369;0.951
P16949;0.951
P16949;0.951
P16949;0.951
P26373;0.950
P33778|P06899|P23527|Q16778|Q8N257|Q6DN03|Q6DRA6;0.949
P33778|P06899|P23527|Q16778|Q8N257|Q6DN03|Q6DRA6;0.949
P33778|P06899|P23527|Q16778|Q8N257|Q6DN03|Q6DRA6;0.949
P09661;0.948
P09661;0.948
P09543;0.948
Q58FF8|P08238;0.948
Q58FF8|P08238;0.948
P0CW22;0.947
P0CW22;0.947
P0CW22;0.947
P06730;0.947
P06730;0.947
O95232;0.947
P14618|P30613;0.946
P14618|P30613;0.946
P14618|P30613;0.946
P30040;0.946
P30040;0.946
P21796;0.946
P18124;0.945
P18077;0.945
P18077;0.945
P62249;0.945
Q9BRG1;0.944
Q9BRG1;0.944
P20700;0.944
P20700;0.944
P20700;0.944
P36578;0.943
P36578;0.943
Q9H4A3;0.943
P26038;0.942
P26038;0.942
P26038;0.942
Q6P4F7;0.942
Q6P4F7;0.942
P53367;0.942
P53367;0.942
P53367;0.942
P53367;0.942
P06748;0.940
P06748;0.940
P50502|Q8IZP2|Q8NFI4;0.940
P62269;0.938
P62269;0.938
Q92688;0.936
P49207;0.936
P49207;0.936
P62906;0.935
P40227|Q92526;0.935
P40227|Q92526;0.935
Q9Y6A5;0.935
Q9Y6A5;0.935
Q9Y6A5;0.935
P62906;0.933
P62906;0.933
Q15366;0.932
Q15366;0.932
Q15366;0.932
Q15366;0.931
Q15366;0.931
Q15366;0.931
P62081;0.931
P62081;0.931
P62081;0.931
O00429;0.930
P27797;0.929
P00441;0.929
P00441;0.929
P61353;0.929
P61353;0.929
P61353;0.929
P21333|O75369;0.928
P05386;0.928
P05386;0.928
P05386;0.928
Q7Z401;0.927
Q7Z401;0.927
Q7Z401;0.927
P25705;0.926
O15145;0.926
P46779;0.925
P46779;0.925
P46779;0.925
Q8NHW5|P05388;0.925
P49368;0.925
P35611|P35612|Q9UEY8;0.924
P35611|P35612|Q9UEY8;0.924
P35611|P35612|Q9UEY8;0.924
P35611|P35612|Q9UEY8;0.924
P35611|P35612|Q9UEY8;0.924
P35611|P35612|Q9UEY8;0.924
P12235|P12236|P05141;0.924
P12235|P12236|P05141;0.924
P12235|P12236|P05141;0.924
P38919;0.923
P38919;0.923
P49207;0.923
Q9HD33;0.922
Q9Y6A5;0.922
Q9Y6A5;0.922
Q9Y6A5;0.922
Q01105;0.921
Q92879|O95319;0.921
P46778;0.919
P46779;0.919
P46779;0.919
Q9BRG1;0.918
Q9BRG1;0.918
Q9BRG1;0.918
P62249;0.918
P62249;0.918
P62249;0.918
Q58FF8|P08238;0.917
P09543;0.917
P46778;0.916
P46778;0.916
Q9BRG1;0.916
Q9BRG1;0.916
Q9BRG1;0.916
Q58FF7|P08238;0.916
Q58FF7|P08238;0.916
Q14103;0.916
Q14103;0.916
Q14103;0.916
P33991;0.915
P49207;0.914
P08238;0.914
P08238;0.914
P27816;0.913
P09661;0.912
P09661;0.912
Q9HDC5;0.912
Q9HDC5;0.912
P15311;0.911
P15311;0.911
P15311;0.911
P62249;0.911
P62249;0.911
P62249;0.911
P08238;0.911
P09211;0.911
P46778;0.910
P46778;0.910
P46778;0.910
P33778|P06899|P23527|Q16778|Q8N257|Q6DN03|Q6DRA6;0.910
P33778|P06899|P23527|Q16778|Q8N257|Q6DN03|Q6DRA6;0.910
P33778|P06899|P23527|Q16778|Q8N257|Q6DN03|Q6DRA6;0.910
P27448;0.909
P06748;0.909
P06748;0.909
P06748;0.909
Q00839;0.908
Q00839;0.908
P62993;0.907
P62993;0.907
P62993;0.907
P78417;0.907
P78417;0.907
P78417;0.907
Q16555;0.905
Q9H6A9;0.904
Q9H6A9;0.904
Q7L1Q6|Q9Y6E2;0.904
Q7L1Q6|Q9Y6E2;0.904
O95232;0.902
O95232;0.902
P61247;0.902
P61247;0.902
P14618;0.902
P14618;0.902
P14618;0.902
P62318;0.901
P62318;0.901
P62318;0.901
P62318;0.901
P62318;0.901
P83731;0.900
P42766;0.899
Q9P2M7;0.899
P46776;0.897
P06730;0.896
Q8WUM9;0.896
P62993;0.896
P62993;0.896
P62993;0.896
Q13838;0.895
P62701;0.893
O75558;0.892
O75558;0.892
P45880;0.890
P45880;0.890
O75558;0.890
Q8WWN9;0.890
Q8WWN9;0.890
O95294;0.890
O95983;0.889
O95983;0.889
P52565;0.888
P31939;0.887
O14979;0.886
O15145;0.886
Q14566;0.886
Q14566;0.886
Q9BRG1;0.885
Q9BRG1;0.885
Q8NEY1;0.885
P47755|P52907;0.883
P0CW22;0.883
P78417;0.882
P78417;0.882
Q99832;0.881
Q9HCM4;0.881
P50990;0.879
P50990;0.879
P50990;0.879
Q99729;0.879
Q99729;0.879
Q06323;0.879
Q06323;0.879
Q06323;0.879
Q6GYQ0;0.879
P15056;0.877
P15056;0.877
P18077;0.877
P18077;0.877
P33991;0.877
P62266;0.877
Q86V48;0.876
Q53QZ3;0.875
Q53QZ3;0.875
P33992;0.873
P33992;0.873
P42766;0.872
Q00839;0.872
Q00839;0.872
P32969;0.872
Q7L1Q6|Q9Y6E2;0.871
Q7L1Q6|Q9Y6E2;0.871
Q7L1Q6|Q9Y6E2;0.871
Q9Y520;0.871
Q9Y520;0.871
Q9Y520;0.870
Q06210;0.868
Q06210;0.868
P10599;0.868
P16150;0.866
Q13765|Q9BZK3;0.866
P09543;0.864
P09543;0.864
P62805;0.864
P62805;0.864
P16949;0.864
P16949;0.864
Q9HCM4;0.864
P35611|P35612|Q9UEY8;0.862
P35611|P35612|Q9UEY8;0.862
P35611|P35612|Q9UEY8;0.862
P35611|P35612|Q9UEY8;0.862
P35611|P35612|Q9UEY8;0.862
P35611|P35612|Q9UEY8;0.862
O14974;0.862
P50990;0.862
P50990;0.862
Q9HD33;0.861
Q9HD33;0.861
P15311;0.860
P15311;0.860
P15311;0.860
P15056;0.860
P15056;0.860
Q08211;0.859
Q99729;0.859
Q99729;0.859
Q99729;0.859
P33778|P06899|P23527|Q16778|Q8N257|Q6DN03|Q6DRA6;0.858
P33778|P06899|P23527|Q16778|Q8N257|Q6DN03|Q6DRA6;0.858
P33778|P06899|P23527|Q16778|Q8N257|Q6DN03|Q6DRA6;0.858
P33778|P06899|P23527|Q16778|Q8N257|Q6DN03|Q6DRA6;0.858
P00338;0.857
P00338;0.857
Q9HAW4;0.857
Q9HAW4;0.857
O95232;0.856
O95232;0.856
P62701|P22090|Q8TD47;0.855
P52566;0.853
P52566;0.853
P52566;0.853
Q06323;0.852
Q06323;0.852
Q9H2U2;0.851
P27797;0.851
P27797;0.851
O95232;0.851
P36578;0.850
P21796;0.850
P21796;0.850
P21796;0.850
P15880;0.850
P21796;0.850
P60866;0.849
O14974;0.845
Q9HDC5;0.844
Q9HDC5;0.844
Q9HDC5;0.844
P16401;0.844
P49321;0.843
P30040;0.842
P30040;0.842
P62888;0.842
P62888;0.842
P0CW22;0.842
P0CW22;0.842
Q99497;0.842
P68104|Q5VTE0|Q05639;0.841
P68104|Q5VTE0|Q05639;0.841
P68104|Q5VTE0|Q05639;0.841
Q32P51|P09651;0.841
Q32P51|P09651;0.841
Q9HDC5;0.841
Q9HDC5;0.841
Q9HDC5;0.841
Q9NZJ0;0.841
Q9NZJ0;0.841
P62266;0.840
P62266;0.840
P62263;0.836
Q71UI9|P0C0S5;0.835
Q71UI9|P0C0S5;0.835
Q71UI9|P0C0S5;0.835
P00558;0.834
P62851;0.833
P62851;0.833
P08238;0.833
Q16666;0.833
Q13838;0.832
Q13838;0.832
P30101;0.832
Q9HDC5;0.831
Q9HDC5;0.831
Q9HDC5;0.831
P62701|P22090;0.830
Q7L1Q6|Q9Y6E2;0.829
Q7L1Q6|Q9Y6E2;0.829
P61353;0.828
P09622;0.827
P09622;0.827
P68104|Q5VTE0|Q05639;0.826
P68104|Q5VTE0|Q05639;0.826
P68104|Q5VTE0|Q05639;0.826
P06733|P09104|P13929;0.825
Q71UI9|P0C0S5;0.824
Q71UI9|P0C0S5;0.824
Q71UI9|P0C0S5;0.824
Q9Y3U8;0.823
Q9HDC5;0.822
Q9HDC5;0.822
Q9HDC5;0.822
Q15366;0.822
Q15366;0.822
Q6P4F7;0.819
P15056;0.819
P15056;0.819
Q07020;0.818
P43243;0.817
P43243;0.817
P08238;0.815
P08238;0.815
Q9HCM4;0.815
P68104|Q5VTE0|Q05639;0.814
P68104|Q5VTE0|Q05639;0.814
P68104|Q5VTE0|Q05639;0.814
P61247;0.814
P61247;0.814
P61247;0.814
P62807|P58876|Q93079|O60814|Q99880|Q99879|Q99877|Q5QNW6|P57053;0.813
P62807|P58876|Q93079|O60814|Q99880|Q99879|Q99877|Q5QNW6|P57053;0.813
P62807|P58876|Q93079|O60814|Q99880|Q99879|Q99877|Q5QNW6|P57053;0.813
P26373;0.813
P26373;0.813
P62195;0.812
P63244;0.811
P63244;0.811
P23246;0.806
P23246;0.806
P15056;0.805
P15056;0.805
Q6P4F7;0.804
P30101;0.802
P62249;0.799
P49368;0.794
P40227;0.792
P40227;0.792
Q9H4E7;0.789
P30101;0.786
P30101;0.786
Q99832;0.785
O60293;0.778
Q8WWN9;0.774
Q8WWN9;0.774
Q96PE3;0.774
Q9BUJ2;0.773
P16150;0.773
Q9Y4L1;0.772
P00441;0.769
P00441;0.769
Q59GN2|P62891;0.768
P37108;0.767
P16150;0.767
P16150;0.767
P16150;0.767
O75558;0.767
O75558;0.767
Q6P4F7;0.765
Q9H4A3;0.763
Q9H4A3;0.763
P34931|P08107|P54652|P11142;0.757
P62701;0.757
P16150;0.756
Q8WWN9;0.756
Q8WWN9;0.756
Q96PE3;0.756
Q00839;0.755
P62917;0.754
P62917;0.754
P16150;0.751
P04075|P09972|P05062;0.749
P42766;0.744
P04075;0.743
P04075;0.743
P62829;0.743
P62829;0.743
P16150;0.739
Q9BRG1;0.737
Q86X02;0.737
P36578;0.735
P12235|P12236|P05141;0.734
P12235|P12236|P05141;0.734
P62888;0.733
P62888;0.733
P62244;0.732
P35611|P35612|Q9UEY8;0.731
P16150;0.729
P16150;0.729
P16150;0.729
P16150;0.729
P17812;0.728
P33992;0.721
P17812;0.712
P62701;0.710
Q9NQR1;0.709
Q9NQR1;0.709
Q9NQR1;0.709
Q9NQR1;0.709
Q9NSY1;0.708
Q96EP5;0.707
Q96EP5;0.707
Q96EP5;0.707
P47897;0.705
P47897;0.705
P10599;0.704
O95983;0.702
O95983;0.702
Q9NQR1;0.702
Q9NQR1;0.702
Q9NQR1;0.702
O75558;0.701
O75558;0.701
Q15717;0.699
P16401;0.699
P16401;0.699
P16401;0.699
Q07020;0.696
Q07020;0.696
P31948;0.695
P50990;0.692
P17987;0.691
P61247;0.690
P07737;0.689
P33527;0.689
Q99613;0.684
Q99613;0.684
P08238;0.684
Q9NQR1;0.683
Q9NQR1;0.683
Q9NQR1;0.683
Q9NQR1;0.683
Q9NQR1;0.683
P16150;0.681
P16150;0.681
P16150;0.681
P16150;0.681
Q9HCM4;0.678
Q9BXB4;0.677
P50395|P31150;0.677
Q6P4F7;0.675
Q9BXB4;0.672
Q9BXB4;0.670
P16150;0.670
P16150;0.670
P16150;0.670
P16150;0.669
P16150;0.669
O95294;0.665
P46778;0.664
P46778;0.664
Q6GYQ0;0.664
P16150;0.655
P16150;0.655
P16150;0.655
Q9BXB4;0.653
Q9H9B1;0.652
P62829;0.650
P27448;0.650
P00558;0.648
P00558;0.648
P62807|P58876|Q93079|O60814|Q99880|Q99879|Q99877|Q5QNW6|P57053;0.644
P62807|P58876|Q93079|O60814|Q99880|Q99879|Q99877|Q5QNW6|P57053;0.644
P60866;0.642
P60866;0.642
Q5VZ89;0.641
P36542;0.640
Q15021;0.627
Q9H6A9;0.614
Q07020;0.607
Q6DD87;0.606
P10412|P16403|P16402;0.605
Q14103;0.592
Q14103;0.592
P35611|P35612|Q9UEY8;0.588
P16150;0.584
P16150;0.584
Q9HDC5;0.583
P16150;0.576
P16150;0.576
P16150;0.576
P16150;0.575
P16150;0.575
O75558;0.561
P16401;0.556
P16401;0.556
O95402;0.555
Q13370;0.555
Q13370;0.555
P60520;0.553
P33527;0.543
P33527;0.541
Q13370;0.541
Q8WWP7;0.541
Q8WWP7;0.541
Q8WWP7;0.541
P13807;0.535
P13807;0.535
Q9H4A3;0.529
P33527;0.522
P16150;0.516
P16150;0.516
P36578;0.497
Q9NSY1;0.475
Q7Z5R6;0.455
Q9UKJ3;0.446
Q86YS7;0.380
Q9Y262;0.363
Q7Z5R6;0.304
Q03188;0.304
Q9UKJ3;0.302
Q7Z5R6;0.301
P84090;0.262
Q5XKK7;0.260
P08621;0.230
O95983;0.176
Q7Z333;0.144
P51523;0.127
P26368;0.106
Q16695|P68431|Q71DI3|P84243|Q6NXT2;0.105
Q53QZ3;0.067
Q53QZ3;0.067